segment,avg_latitude,avg_longitude,avg_rmsa
1,50.38692857,30.45877463,1.1905873123901394
4,50.38687069,30.45866784,3.1042196801862114
8,50.38680712,30.45857982,0.434899913159301
11,50.38675842,30.45847563,0.299098690431593
15,50.38670193,30.45837965,0.07750715860418164
18,50.38664624,30.45828266,0.41435967208762053
22,50.38658843,30.45818355,0.25355585908477557
25,50.38653159,30.45807609,0.09224395778115105
29,50.386473,30.45797032,0.7931575521074586
32,50.38641502,30.45786227,0.2387511970431249
36,50.38635626,30.45775002,0.16506610360450852
39,50.38629527,30.45763711,0.13359444289973335
43,50.38623434,30.45752661,0.06823945698274064
46,50.38617422,30.45741064,0.2200935635580939
50,50.38611113,30.45729222,0.295828965449153
53,50.38604574,30.45717911,0.2460345701470564
57,50.38598146,30.4570673,0.407877412076891
60,50.38591758,30.45695395,0.12751301055070133
64,50.38585496,30.45684351,0.6585810782370943
67,50.3857962,30.45673436,1.0613776524591259
71,50.38574145,30.45662895,0.8605993456010981
74,50.38568697,30.45653473,0.35738566970356833
78,50.38563958,30.45644064,1.077303690516853
81,50.38559348,30.45635438,0.3246849894679201
85,50.38554664,30.4562806,0.23880728684121572
88,50.3855074,30.45620973,0.2503079249569603
92,50.38547052,30.45614496,0.28294105681931864
95,50.38543899,30.45608324,0.31553895286640427
99,50.3854088,30.45602704,0.16476138523689252
102,50.38538225,30.45597826,0.25838485321780763
106,50.38535418,30.45593165,0.21493230867812038
109,50.38532246,30.45587951,0.4812183795948607
113,50.38527303,30.45583779,0.41680446759980044
116,50.38520808,30.45582982,0.2774111278229101
120,50.38514196,30.4558695,0.39213979760385986
123,50.38507871,30.45593424,0.41540813889469835
127,50.38501836,30.45601934,0.36532055069039954
130,50.38495471,30.45610846,0.35167869285027487
134,50.3848882,30.4561937,0.18258100019136958
137,50.38482324,30.45628201,0.11382444927931706
141,50.38475865,30.4563715,0.44165944342622426
144,50.38469212,30.45645736,0.14869876503309168
148,50.38462281,30.45655163,0.09209432016279202
151,50.38454969,30.45664636,0.13402961996228763
155,50.38447448,30.45674719,0.19433151292183826
158,50.38440141,30.4568459,0.19014370066465694
162,50.38432861,30.45694798,0.22705725422993117
165,50.38425385,30.45705216,0.13952278660688638
169,50.38418101,30.457155,0.1736871045687064
172,50.38410844,30.45725632,0.7480579274050775
176,50.38403375,30.45735949,0.18218297388875365
179,50.3839563,30.45746196,0.1991437346409383
183,50.38388129,30.45756053,0.9528701065263345
186,50.38380706,30.45766392,0.27922028316311587
190,50.38373863,30.45776366,0.658378141228712
193,50.38366357,30.45786128,0.40723099696647697
197,50.38359226,30.45795565,0.14878141260193728
200,50.38352307,30.45804658,0.3697214510595702
204,50.38345778,30.45812898,0.2709235720891465
207,50.38339696,30.45820895,0.4793843915772774
211,50.38334407,30.4582819,0.5678304059634927
214,50.38330051,30.45833943,0.5578632041833387
218,50.3832557,30.45838539,0.45836074075030003
221,50.3832158,30.45842036,0.6115917664440469
225,50.38318236,30.45845191,0.49217358416998985
228,50.38315569,30.45847797,0.3538308159119661
232,50.38313313,30.45850229,0.3482484747796057
235,50.38311677,30.45852599,0.4961607402779857
239,50.38310595,30.4585416,0.7110371885941874
242,50.38310364,30.45854507,0.373898822792674
246,50.38310356,30.45854637,0.0574260705987384
249,50.38310497,30.45854812,0.06082505263548021
253,50.38310584,30.45855085,0.06317132382490491
256,50.38310587,30.45855241,0.06323926329749273
260,50.38310552,30.45855302,0.061843444997346474
263,50.38310459,30.4585527,0.06516365622839111
267,50.38310372,30.45855191,0.06263265456682239
270,50.38310273,30.45855085,0.0613394267384438
274,50.38310331,30.45855109,0.06349227786519139
277,50.38310429,30.45855116,0.05769369396220376
281,50.38310383,30.45855083,0.05000830373247979
284,50.38310391,30.4585511,0.04473594929533455
288,50.3831031,30.45855184,0.044146321593793204
291,50.38310253,30.45855199,0.047119766672793544
295,50.38310238,30.45855256,0.04446846116048962
298,50.38310242,30.4585529,0.0429842625190687
302,50.38310227,30.45855297,0.054434559112155306
305,50.38310229,30.45855311,0.05482190938297391
308,50.38310213,30.45855314,0.05846747491122494
312,50.383102,30.45855313,0.05813869930786405
315,50.38310191,30.45855321,0.056874754545786055
319,50.38310194,30.45855337,0.05668854584762438
322,50.38310197,30.45855348,0.059790542706191406
326,50.38310199,30.45855359,0.058428069307449225
329,50.38310188,30.45855366,0.05822443557442613
333,50.38310206,30.45855417,0.06035084995456076
336,50.38310201,30.45855422,0.06302965124962763
340,50.38310195,30.4585542,0.06096980044463016
343,50.38310182,30.45855435,0.06335098464593701
347,50.38310175,30.45855434,0.0663911811090789
350,50.38310167,30.45855441,0.06462110900066731
354,50.38310151,30.4585546,0.06413742271642588
357,50.38310137,30.4585546,0.061930666396965435
361,50.38310137,30.45855481,0.061706872373257816
364,50.38310126,30.45855507,0.059070121400178345
368,50.3831012,30.45855523,0.057509511620901746
371,50.38310115,30.45855524,0.0571160955724285
375,50.38310115,30.45855531,0.13123156349520057
378,50.38310118,30.45855545,0.6840800415779857
382,50.38309115,30.4585684,0.09719726223137035
385,50.38307742,30.45858833,0.46034895096530193
389,50.38305746,30.45861643,0.42033243627812505
392,50.38303055,30.45865391,0.36625426560550434
396,50.38299766,30.45870055,0.4838260572053355
399,50.38295378,30.45876143,0.4740410548552917
403,50.38290987,30.45882772,0.387150246108008
406,50.38285331,30.45889957,0.1857179316993544
410,50.38280097,30.45898129,0.2695175152356868
413,50.38274078,30.45906814,0.4941049721932236
417,50.38268046,30.45916221,0.33009663995165966
420,50.38261686,30.45926964,0.5478305154498865
424,50.38255018,30.4593865,0.3698728907301299
427,50.38248224,30.45951383,0.4897174077809167
431,50.38241126,30.45964162,1.707383120196876
434,50.38233686,30.45976901,0.4304216752511217
438,50.38225533,30.45990275,0.40071267205598315
441,50.38217098,30.46003789,0.3151597147746691
445,50.38208817,30.46017193,0.7084939503377518
448,50.38200448,30.46030854,1.0388192030511196
452,50.3819171,30.46044678,0.6149237125369236
455,50.38183152,30.46058311,0.16366681491003734
459,50.38174698,30.46072187,0.518072029395018
462,50.38166203,30.46085882,1.0239794469789019
466,50.38157618,30.46099551,0.17276188013337862
469,50.38149184,30.46113191,1.2786566453645387
473,50.38140774,30.46126786,0.4423015759226056
476,50.38132637,30.46139981,0.697369039331443
480,50.38124472,30.46153421,0.4976025893677584
483,50.38116051,30.46166995,0.49865165171657355
487,50.38107795,30.46180456,0.3243599774022711
490,50.38099592,30.46193808,0.7788616092096692
494,50.3809117,30.4620747,0.3291232562621722
497,50.38082998,30.46220997,0.820726223362654
501,50.38074671,30.46234496,0.29077300399500544
504,50.3806638,30.46247845,0.8724878646204457
508,50.38057806,30.46261646,0.3114439374995585
511,50.38049344,30.46275373,1.1593267577477404
515,50.38040763,30.46289266,0.5262150426496656
518,50.38032124,30.4630306,0.21690407809221077
522,50.38022996,30.46317569,0.7071124953975786
525,50.38013879,30.46332175,0.47125077368053864
529,50.38004732,30.46347037,0.9767228347360492
532,50.37995767,30.46361565,0.24896708163756123
536,50.37986771,30.46376074,0.49450480152895204
539,50.37977893,30.46390378,0.5628159916992915
543,50.37969353,30.46404261,0.7941928532599373
546,50.37961133,30.46417401,0.9906967299172879
550,50.37953433,30.46429765,0.8347848901005906
553,50.37946643,30.46440751,1.530624763403597
557,50.37940472,30.46450524,0.6450976248662098
560,50.3793488,30.46459293,0.713002895004651
563,50.37929734,30.46467375,0.6966416610584019
567,50.3792535,30.46474252,0.9371598945672882
571,50.37921656,30.46479983,0.9102490568526638
574,50.37918968,30.46484149,0.9817900041542406
577,50.37917196,30.46486908,1.0728657276525382
581,50.37916572,30.46487891,0.9454367242915194
584,50.37916473,30.46488042,0.1498582284039979
588,50.3791647,30.46488062,0.1218874400718949
592,50.37916471,30.46488063,0.14012501874438268
595,50.37916471,30.46488063,0.14064923397581713
598,50.37916471,30.46488063,0.1409016773075825
602,50.37916471,30.46488063,0.14056296172832553
605,50.37916471,30.46488063,0.14086781824290892
609,50.37916471,30.46488063,0.13938732244451715
612,50.37916471,30.46488063,0.1449605258408818
616,50.37916471,30.46488063,0.13978664894276488
619,50.37916471,30.46488063,0.1413754746611054
623,50.37916471,30.46488063,0.14355011011637972
626,50.37916471,30.46488063,0.14469008112073123
630,50.37916471,30.46488063,0.14746540320298848
633,50.37916471,30.46488063,0.1447875400921541
637,50.37916471,30.46488063,0.15373348480693352
640,50.37916471,30.46488063,0.41793514451755354
644,50.37915326,30.46489661,1.265987109961086
647,50.37913371,30.46492756,0.9830245589384282
651,50.37910345,30.46497453,0.811024122838911
654,50.37906541,30.46503364,0.5358643072656629
658,50.37901959,30.46510413,0.44440716046721174
661,50.37896629,30.46518641,0.3917157906763811
665,50.37890769,30.46527649,0.314348839379837
668,50.37884433,30.4653744,0.44904588291213837
672,50.37877454,30.46548407,0.34552704724509
675,50.37870139,30.46560186,0.6688667754641034
679,50.3786239,30.46572918,0.2848740072240811
682,50.37854215,30.46586441,0.789837837634676
686,50.37845733,30.46600599,0.34710056591009053
689,50.37836762,30.46615861,0.5372695572225297
693,50.37827292,30.46631989,0.5079517358800942
696,50.3781771,30.46648207,0.373354900893463
700,50.37807965,30.46664131,0.25301207525177455
703,50.37797891,30.46680208,0.3494034449999152
707,50.37788193,30.46695608,0.3823699206357404
710,50.3777882,30.46710053,0.16000064416304197
714,50.37769472,30.46723503,0.32905883801061947
717,50.37759832,30.46735965,0.4863759113136687
721,50.37750384,30.46746485,0.6007053467238737
724,50.37740769,30.46755148,0.3733185659524861
728,50.37731313,30.46761661,0.4996669937863982
731,50.37722085,30.4676649,0.7416270481392832
735,50.37713798,30.4677025,0.3218589142532463
738,50.37706384,30.46773221,0.16378941881785974
742,50.37699747,30.46775639,0.7725493530053475
745,50.3769342,30.46777886,0.16325810812927616
749,50.37687532,30.46779777,0.5288158149503489
752,50.37682627,30.46781338,1.0482217646164742
756,50.37678942,30.46782477,1.1239557211738038
759,50.37676467,30.46783459,0.9099069973698487
763,50.37675447,30.46783889,0.7601731673521211
766,50.37675212,30.46783992,0.10658679920181544
770,50.37675211,30.46784002,0.0423093680753829
773,50.37675216,30.46784001,0.039406928370704745
777,50.37675216,30.46784001,0.039651190133696314
780,50.37675216,30.46784001,0.03629488471929169
784,50.37675216,30.46784001,0.044118409513785255
787,50.37675216,30.46784001,0.04108785253162192
791,50.37675216,30.46784001,0.04069298362627887
794,50.37675216,30.46784001,0.043674318455894943
798,50.37675216,30.46784001,0.04383758052850712
801,50.37675216,30.46784001,0.042950593983680126
805,50.37675216,30.46784001,0.0413263606629227
808,50.37675216,30.46784001,0.036055681773882985
812,50.37675216,30.46784001,0.039768313563812684
815,50.37675216,30.46784001,0.04228484144171518
819,50.37675216,30.46784001,0.04260428142012595
822,50.37675216,30.46784001,0.041485119982563184
826,50.37675216,30.46784001,0.03610182891406747
829,50.37675216,30.46784001,0.03623391647994308
833,50.37675216,30.46784001,0.03860770591723806
836,50.37675216,30.46784001,0.03142298416685879
840,50.37675216,30.46784001,0.032132320342159924
843,50.37675216,30.46784001,0.03368168182191701
847,50.37675216,30.46784001,0.038442746276948325
850,50.37675216,30.46784001,0.03294439984983003
854,50.37675216,30.46784001,0.033461998983381445
857,50.37675216,30.46784001,0.03259553284917095
861,50.37675216,30.46784001,0.03961217852917606
864,50.37675216,30.46784001,0.032506248807900866
867,50.37675216,30.46784001,0.04220997218022195
871,50.37675216,30.46784001,0.038651468332378286
875,50.37675216,30.46784001,0.03579571464634109
878,50.37675216,30.46784001,0.03786345161899373
881,50.37675216,30.46784001,0.0442178901710716
885,50.37675216,30.46784001,0.05204300239703335
888,50.37675216,30.46784001,0.052686626737885725
892,50.37675216,30.46784001,0.04608730065558451
895,50.37675216,30.46784001,0.043913565601320495
899,50.37675216,30.46784001,0.041305055142498076
902,50.37675216,30.46784001,0.04414625770418748
906,50.37675216,30.46784001,0.0401906755302442
909,50.37675216,30.46784001,0.04258728019988971
913,50.37675216,30.46784001,0.0467173048805104
916,50.37675216,30.46784001,0.04580556004867524
920,50.37675216,30.46784001,0.045307683341971994
923,50.37675216,30.46784001,0.04036225419030617
927,50.37675216,30.46784001,0.049979701097063754
930,50.37674558,30.46784193,0.6860865506551248
934,50.37673397,30.46785008,1.087320179584048
937,50.37671043,30.46787157,0.6149391008797035
941,50.37668379,30.46791087,0.6448982849027696
944,50.37665765,30.46797077,0.47404429967219974
948,50.37663568,30.46804978,0.316726506971928
951,50.3766256,30.46814387,0.1953714476250895
955,50.37663286,30.4682461,0.22443126352848897
958,50.3766606,30.46834619,0.18679582259023367
962,50.3767083,30.46843274,0.4994753898803006
965,50.37676892,30.46852422,0.7540040542895732
969,50.37684177,30.46863135,0.8861064618528667
972,50.37692047,30.46875515,0.5762554396113763
976,50.37700287,30.46889324,0.8008047695562586
979,50.37709239,30.46904813,0.5338301301916334
983,50.37718861,30.46921203,0.31047022183480405
986,50.3772927,30.46938097,0.34821380640523425
990,50.37740049,30.46955484,0.2061053733780009
993,50.37750791,30.46972896,0.1140703916055457
997,50.37761937,30.46990011,0.3481357064838786
1000,50.37772973,30.47006581,0.9702174480072974
1004,50.37782533,30.47020843,1.4317403850079107
1007,50.37790581,30.47033129,1.2735364955994188
1011,50.37797314,30.47043628,0.6782824614401364
1014,50.37803156,30.47053217,0.2690016206064635
1018,50.37808118,30.47062283,0.27554070667058067
1021,50.37812554,30.47071335,0.24582653730028348
1025,50.37816704,30.47079912,0.6160774009404559
1028,50.37820426,30.4708689,0.9701664307766984
1032,50.3782322,30.47092048,0.9642065014329304
1035,50.37825147,30.4709554,0.6748614370330589
1039,50.37826403,30.47097745,0.39128783754758145
1042,50.37827048,30.47099138,0.5205250788785317
1046,50.37827194,30.47099477,0.2916000369350501
1049,50.37827196,30.47099667,0.02710729868310304
1053,50.37827198,30.47099663,0.01916194580980837
1056,50.37827198,30.47099663,0.009831920420612613
1060,50.37827198,30.47099663,0.01264795562681953
1063,50.37827198,30.47099663,0.012549377076253167
1067,50.37827198,30.47099663,0.008790473294754188
1070,50.37827198,30.47099663,0.01081378059853236
1074,50.37827198,30.47099663,0.08388798557846462
1077,50.37827198,30.47099663,0.18006610651727017
1081,50.37827517,30.47100306,0.6820648093665053
1084,50.37828383,30.47101819,0.2950039218480047
1088,50.37829658,30.47104046,0.585880831786772
1091,50.37831554,30.47107285,0.6905760056209943
1095,50.37834049,30.47111771,0.5905456165357748
1098,50.3783713,30.47117425,0.8890035238286599
1102,50.37840982,30.47124416,0.7959980303833892
1105,50.37845505,30.47132613,0.5100886952700551
1109,50.37850738,30.47142336,0.871269344865086
1112,50.37856549,30.47153321,0.6486119390856697
1116,50.37863045,30.47165909,0.7450398193916637
1119,50.37870027,30.47179601,0.5106241743773928
1123,50.3787785,30.47194808,0.8089297204299991
1126,50.37886182,30.47211559,0.9210432526644118
1130,50.37895066,30.47229608,0.6169807047900829
1133,50.37904182,30.47248525,0.6961995908792378
1137,50.37913953,30.472691,0.5220843775224547
1140,50.3792396,30.47290283,0.24884502770627553
1144,50.37933888,30.47311438,0.1890113792407825
1147,50.37943852,30.47332988,0.3753344811949886
1151,50.37954123,30.47355602,0.25766613436920216
1154,50.37964242,30.47378205,0.16836470724846384
1158,50.37973998,30.47400803,0.23003790657468806
1161,50.37983602,30.47423614,0.30985232369639903
1164,50.37993102,30.47446757,0.3603683125660934
1168,50.38002118,30.47469213,0.3277031002875164
1171,50.38010891,30.47491593,0.1344233713554222
1175,50.3801949,30.47513574,0.18736800299657153
1178,50.38028168,30.4753588,0.295781797553097
1182,50.38036871,30.47558278,0.1823807901220534
1185,50.38045513,30.47580438,0.1980515222368305
1189,50.38054056,30.47602347,0.27476201083691065
1192,50.3806288,30.47625016,0.16156336722342324
1196,50.38071603,30.47647237,0.2746209575277217
1199,50.38080197,30.47669048,0.2881886466683677
1203,50.38088887,30.4769086,0.4564864345074089
1206,50.3809792,30.47713054,0.20893062688890096
1210,50.38107133,30.47734582,0.18430716968698044
1213,50.38116535,30.47755811,0.2620729170656077
1217,50.38125864,30.47776875,0.3552087723051346
1220,50.38135127,30.47798859,0.3324943045884688
1224,50.38144101,30.47821233,0.09893844624084117
1227,50.38152913,30.47843962,0.31330152677733913
1231,50.38161615,30.47866546,0.2208295232262169
1234,50.38170559,30.47889737,0.08973392262941411
1238,50.38179723,30.47913459,0.37657664301898336
1241,50.38188663,30.4793657,0.791962867137853
1245,50.38197511,30.47959265,1.2104874953056397
1248,50.382065,30.47982086,0.6944212339869413
1252,50.38215133,30.48003986,0.22036732685923363
1255,50.3822324,30.48024722,0.8911375317303507
1259,50.38230822,30.48044027,1.4527926568939697
1262,50.38237718,30.48061387,1.3785578770828693
1266,50.38243144,30.48075216,1.7061374194885488
1269,50.38247136,30.48085211,1.3756780127468793
1273,50.3824997,30.48092309,0.9912535825550034
1276,50.38251934,30.48097299,0.36651770949946305
1280,50.38253593,30.48101388,0.29397469181591085
1283,50.38254996,30.48104737,0.27319508407567744
1287,50.38256009,30.48107291,0.36432825676188824
1290,50.38256828,30.48109232,0.4041275699528341
1294,50.38257167,30.4811017,0.5746975143356939
1297,50.38257147,30.48110113,0.08716614103576721
1301,50.38257147,30.48110113,0.01136676912140557
1304,50.38257147,30.48110113,0.012678578210835617
1308,50.38257147,30.48110113,0.011129721492006634
1311,50.38257147,30.48110113,0.015112628494174671
1315,50.38257147,30.48110113,0.010352764759543142
1318,50.38257147,30.48110113,0.009850318689366427
1322,50.38257147,30.48110113,0.006363625746479406
1325,50.38257147,30.48110113,0.012408359134027156
1329,50.38257147,30.48110113,0.010198842294818506
1332,50.38257147,30.48110113,0.01069298198327819
1336,50.38257147,30.48110113,0.00896378589108011
1339,50.38257147,30.48110113,0.011054554704937191
1343,50.38257147,30.48110113,0.011441314945826665
1346,50.38257147,30.48110113,0.01618870690323199
1350,50.38257147,30.48110113,0.013721371993522679
1353,50.38257147,30.48110113,0.012243771755165356
1357,50.38257147,30.48110113,0.011307147281122032
1360,50.38257147,30.48110113,0.020065767729048903
1364,50.38257147,30.48110113,0.016589847279337176
1367,50.38257147,30.48110113,0.022484368172150986
1371,50.38257147,30.48110113,0.017322182164177923
1374,50.38257147,30.48110113,0.019617456669717013
1378,50.38257147,30.48110113,0.013563443887403413
1381,50.38257147,30.48110113,0.018994967728440924
1385,50.38257147,30.48110113,0.015308121474643692
1388,50.38257147,30.48110113,0.013746415767681009
1392,50.38257147,30.48110113,0.02110007051901429
1395,50.38257147,30.48110113,0.016576858317704092
1399,50.38257147,30.48110113,0.016182117067501913
1402,50.38257147,30.48110113,0.0176451081294375
1405,50.38257147,30.48110113,0.017818125135780672
1409,50.38257147,30.48110113,0.02195655120962695
1413,50.38257147,30.48110113,0.031520971306230584
1416,50.38257147,30.48110113,0.030911625886046335
1420,50.3825724,30.48110517,0.7572868674435078
1423,50.38257812,30.48111935,0.838642719960999
1426,50.38259086,30.48114923,0.7437363332799538
1430,50.38260854,30.48119333,0.46646191100042006
1433,50.38263071,30.48124908,0.31684441782052475
1437,50.38265763,30.48131686,0.5250296605799576
1440,50.38268683,30.4813938,0.579996009501716
1444,50.38272297,30.48148497,0.27968883204848755
1447,50.3827625,30.48158529,0.3844481569195007
1451,50.38280366,30.48169015,0.340650359532335
1454,50.38284813,30.48180309,0.40121199578725764
1458,50.38289606,30.4819271,0.4111097410350158
1461,50.38294859,30.48206246,0.26218750645414396
1465,50.38300204,30.48220015,0.3192961122418743
1468,50.38305942,30.48234605,0.4029788705666161
1472,50.38312009,30.48249787,0.22198852471949657
1475,50.38318156,30.48265313,0.19061209956388447
1479,50.38324433,30.48280936,0.0895132334527125
1482,50.38330812,30.48296726,0.4206318172822542
1486,50.38336834,30.48311895,0.34444620892236594
1489,50.38342653,30.48326676,0.47509433269105333
1493,50.38348124,30.48340561,0.27308341890318205
1496,50.38353548,30.48354188,0.29302013785854303
1500,50.38358939,30.48367577,0.6042313973595921
1503,50.3836414,30.483811,0.42910552812178543
1507,50.383691,30.48393784,0.24956630262671428
1510,50.3837406,30.48406372,0.28638452277259935
1514,50.38379154,30.4841923,0.21254752809610616
1517,50.38384615,30.48432641,0.14046968363599796
1521,50.38389948,30.4844593,0.2647857498253818
1524,50.38395426,30.4845958,0.1994734001665325
1528,50.3840085,30.48473288,0.22212548577155808
1531,50.38406345,30.48487123,0.4302688785632472
1535,50.38411648,30.48500537,0.7770110414669165
1538,50.38416642,30.4851325,1.1646771259033086
1542,50.38421028,30.485242,1.18634877281935
1545,50.38424834,30.48533821,0.2949169180297699
1549,50.38428339,30.48542784,0.3235155839632983
1552,50.38431839,30.48551858,0.5215924473938729
1556,50.38435589,30.48561531,0.2870836351158148
1559,50.38439766,30.48571835,0.172134525110153
1563,50.38444097,30.48583,0.3162677118064058
1566,50.384489,30.48595357,0.3175737433826626
1570,50.38454285,30.48608958,0.16775260131889674
1573,50.3846023,30.48623755,0.2569705097205387
1577,50.38466409,30.48639209,0.24361939134359714
1580,50.38473042,30.48655726,0.5566632621670992
1584,50.38480062,30.48672973,0.19724851180866745
1587,50.38487157,30.48690906,0.33759247209263893
1591,50.38494218,30.48708851,0.2168886458576805
1594,50.3850114,30.48726459,0.28227822861606894
1598,50.3850829,30.48744426,0.4687004127140958
1601,50.3851558,30.48762682,0.6099557924347728
1605,50.38522745,30.48780594,0.13623267168059958
1608,50.38529947,30.48798619,0.24982784731764882
1612,50.38537481,30.48817594,0.578137577410582
1615,50.38544872,30.4883643,0.40601165423937197
1619,50.38552119,30.48855002,0.44834044811780766
1622,50.38559245,30.48873314,0.24365246654007466
1626,50.38566594,30.48892037,0.21866491712875172
1629,50.38573862,30.48910483,0.3549433973046178
1633,50.38581114,30.48928705,0.6089675641141196
1636,50.38588139,30.48946738,0.5074504722572735
1640,50.3859525,30.48964764,0.34166332017788736
1643,50.38602285,30.48982753,0.8783599278473027
1647,50.38609312,30.49000633,0.7168779953652575
1650,50.38616104,30.49018082,0.6255382399118699
1654,50.38623029,30.49035881,0.25892587726355304
1657,50.38630113,30.49053661,0.5575608484605917
1661,50.38636957,30.49070853,0.37262095965814573
1664,50.3864376,30.49087948,0.41426765834123036
1668,50.38650851,30.49105712,0.10902198957107408
1671,50.38657806,30.49123198,0.6027366993417169
1675,50.38664734,30.49140622,0.5813378106955178
1678,50.38671703,30.4915833,0.4338673740194369
1682,50.38679136,30.49176984,0.7014270975597613
1685,50.38686527,30.49195705,0.6213147703360403
1689,50.38694043,30.49214613,0.689716829700479
1692,50.387015,30.49233569,0.3801412545878913
1696,50.38709223,30.4925283,0.2502174354127239
1699,50.3871696,30.49272224,0.14132780610139997
1702,50.38724714,30.49291677,0.42169349730296213
1706,50.38732365,30.49311036,0.4767209392715229
1710,50.38740344,30.49331144,0.5398872161985013
1713,50.38748201,30.49351144,0.3045263918920656
1716,50.38755922,30.49370771,0.5371859652831238
1720,50.38763677,30.49390397,0.9237085133437124
1723,50.38771712,30.49410762,0.27718602452912194
1727,50.38779612,30.49430726,0.4383572673196647
1730,50.38787414,30.49450623,0.4898953878095093
1734,50.3879525,30.49469987,0.506645403301157
1737,50.38802944,30.49489471,0.3892313680077181
1741,50.3881057,30.49508763,0.6272774921693031
1744,50.38818065,30.49527667,0.416366412284626
1748,50.38825378,30.4954582,0.2126513727246177
1751,50.38832491,30.4956382,0.44783234067317873
1755,50.38839344,30.495813,0.3126823356847081
1758,50.38845774,30.49597564,0.3039043587729722
1762,50.38852018,30.49613294,0.36279408425032
1765,50.38858159,30.4962881,0.31118963590029947
1769,50.38863999,30.49643598,0.15856853554828598
1772,50.38869642,30.49657867,0.20738585545626217
1776,50.38875157,30.49671776,0.5425297564545563
1779,50.38880704,30.49686055,0.2645696965207784
1783,50.38886239,30.49700171,0.3208870005146483
1786,50.3889175,30.49714197,0.5298955835863488
1790,50.38897421,30.49728498,0.2760832257189385
1793,50.38903045,30.4974279,0.17696543680187518
1797,50.38908753,30.49756963,0.2690036701079737
1800,50.38914343,30.49771123,0.2713723394237713
1804,50.38919757,30.49784856,0.5130924856310849
1807,50.38925145,30.49798427,0.39229174937157996
1811,50.38930133,30.49811285,0.20003388402376526
1814,50.38934649,30.49823125,0.6512271137440947
1818,50.3893898,30.4983424,0.23068429010683347
1821,50.3894316,30.49844858,0.1444981790036572
1825,50.38947258,30.49855137,0.05502536429578455
1828,50.38951338,30.49865269,0.1859657926739766
1832,50.38955316,30.49875153,0.3656714697994235
1835,50.38959026,30.49884775,0.7571597753723783
1839,50.38962097,30.49892605,0.8666206829683799
1842,50.38964539,30.49898863,0.8420773442541258
1846,50.38966525,30.49903887,0.21753176052431034
1849,50.38968339,30.499085,0.14375534667340356
1853,50.38970112,30.4991301,0.1596887405575318
1856,50.38971895,30.49917726,0.15436201591462304
1860,50.38973716,30.49922315,0.05645649880261389
1863,50.38975579,30.49926951,0.29336484582506767
1867,50.38977279,30.49931285,0.37325582163067544
1870,50.38978671,30.49935036,0.29325409561188703
1874,50.38980071,30.49938578,0.12137602569543694
1877,50.38981549,30.49942405,0.1568240416862478
1881,50.38983093,30.4994622,0.04592494315359615
1884,50.38984631,30.49950095,0.09198630699329041
1888,50.38986294,30.49954234,0.2036334636697557
1891,50.38988105,30.4995905,0.5499071685633939
1895,50.3899036,30.49964524,0.4311779969324287
1898,50.38992966,30.49970994,0.4858007684674365
1902,50.38995954,30.49978546,0.4642829571296148
1905,50.38999412,30.49987392,0.2962345782182904
1909,50.39003227,30.49997015,0.26005155029595145
1912,50.39007413,30.50007492,0.2678673589238353
1916,50.3901187,30.50018682,0.15096437118789127
1919,50.39016883,30.50031117,0.34128410631956085
1923,50.39021982,30.50044016,0.10553609270032739
1926,50.39027093,30.50057019,0.15590133316076835
1930,50.39032266,30.50070092,0.3638467251783839
1933,50.39037548,30.50083504,0.33883059719336345
1937,50.39042622,30.50096305,0.22407460945488614
1940,50.39047512,30.5010868,0.41043482996792224
1944,50.39052322,30.5012083,0.45833398622763144
1947,50.39057068,30.50132988,0.6159220631132687
1951,50.390617,30.50144657,0.4072803051992459
1954,50.39066231,30.50156166,0.38689230231695176
1958,50.39070574,30.50167252,0.37871155065202505
1961,50.3907501,30.5017851,0.08935861693168187
1965,50.39079597,30.50189912,0.3158390951957356
1968,50.39084493,30.5020226,0.08738529720054175
1972,50.39089577,30.50215158,0.15638520547263876
1975,50.39095121,30.50229135,0.1409059870010569
1979,50.39100679,30.50243401,0.5178248856017786
1982,50.3910638,30.50257827,0.635902164290998
1986,50.39112105,30.50272442,0.1460573098340383
1989,50.39118121,30.50287833,0.2969851226593353
1992,50.39124138,30.50303036,0.35845136635904196
1996,50.39129989,30.50318004,0.30549571670996273
1999,50.39135947,30.50333004,0.21949781788186265
2003,50.39142008,30.50348482,0.4205552810003426
2006,50.39147965,30.50363649,0.22331016489675962
2010,50.39153922,30.50378844,0.4122906906441307
2013,50.39159808,30.50393714,0.46346140208581993
2017,50.39165965,30.5040867,0.36137303188359177
2020,50.39172296,30.50423419,0.19615474652941114
2024,50.3917864,30.50437857,0.08488836216236215
2027,50.39185006,30.50451737,0.33320267164519457
2031,50.39191515,30.50465643,0.6473926109313631
2034,50.39197963,30.50478989,0.38926669891748045
2038,50.39204196,30.50491727,0.5647317827518402
2041,50.3921051,30.50504127,0.5556456265960573
2045,50.39216953,30.50516212,0.27039718269591884
2048,50.39223454,30.5052777,0.7592483362849962
2052,50.39229642,30.50539028,0.22250019923601222
2055,50.39236498,30.50550871,0.2858457227650018
2059,50.39244025,30.5056325,0.6045530085557764
2062,50.39251738,30.50576074,0.8779741091480082
2066,50.39259832,30.50589022,0.1808047670121013
2069,50.39267956,30.50601691,0.25966870680158227
2073,50.39276246,30.50614262,0.1997981609744845
2076,50.39284648,30.5062677,0.17325715641760808
2080,50.39292904,30.50638562,0.3965118717894189
2083,50.39301016,30.50649742,0.45685171419470816
2087,50.39309071,30.50660435,0.5035908572313444
2090,50.39316831,30.50670357,0.1335610551085543
2094,50.39324456,30.50679804,0.3014150606530163
2097,50.39332121,30.5068904,0.15028723100150507
2101,50.39340012,30.50697993,0.17645214521371794
2104,50.39347618,30.50706801,0.6398295191932211
2108,50.39354753,30.50714959,0.5467684636618333
2111,50.39361936,30.50722785,0.3930245002787683
2115,50.393688,30.50730311,0.3175664771423295
2118,50.39375778,30.50737448,0.2879362043902006
2122,50.39382622,30.50744378,0.3223982426029695
2125,50.39389221,30.50751165,0.13758656243820563
2129,50.39396337,30.50758049,0.13817177010110432
2132,50.39404011,30.5076537,0.10103344548149301
2136,50.39411793,30.5077248,0.23443095421019403
2139,50.39419609,30.50779451,0.29123031033140095
2143,50.39427507,30.50786413,0.24757725379096876
2146,50.39435302,30.50793164,0.33307050031067914
2150,50.39442913,30.5079932,0.9911676068369772
2153,50.39450442,30.50805161,1.5882527255147612
2157,50.3945803,30.50810725,1.7877287487176012
2160,50.39465174,30.50815892,2.0789645990244185
2164,50.39471172,30.50820032,1.7696011895233967
2167,50.39475843,30.50823007,1.6691723995200585
2171,50.39478302,30.50825472,1.654156177193988
2174,50.39479927,30.5082662,2.1151084176904167
2178,50.39480896,30.50828014,0.499927005062398
2181,50.39481307,30.50825879,0.3059199565168211
2185,50.3948156,30.50826347,0.1671352122090265
2188,50.3948164,30.50826257,0.043012494462946596
2192,50.39482058,30.50826615,0.430475926940522
2195,50.39482936,30.50827385,0.35233744169813824
2199,50.39484731,30.50828651,0.9535875982486434
2202,50.394882,30.50830944,0.8360118268554244
2206,50.39493812,30.50834478,0.778438880596531
2209,50.39500179,30.50838818,0.5411234472580283
2213,50.39507514,30.50844073,0.39259653653474685
2216,50.39515197,30.50849237,0.4990682342758102
2220,50.39523972,30.50854962,0.23518708382764872
2223,50.39533708,30.50861138,0.2610999656740155
2227,50.39543741,30.50866836,0.5594583496626221
2230,50.39553153,30.50873528,0.36773682655454365
2234,50.39562191,30.50880129,0.23907089042443327
2237,50.39571936,30.50886878,0.19501650873273163
2241,50.39581385,30.50893442,0.26757990894232725
2244,50.39590848,30.50899786,0.27819731804596376
2248,50.39600218,30.50906324,0.3488902313400158
2251,50.39609512,30.50913078,0.22760973896660489
2255,50.39618083,30.50919496,0.7913637847554154
2258,50.39627144,30.50925932,0.8195939913928977
2262,50.396351,30.50931692,1.1881612145942657
2265,50.39641879,30.50935711,0.6738949814794133
2268,50.39647809,30.50939369,0.4937733864659695
2272,50.39653162,30.50942802,0.254355824254711
2276,50.39657789,30.50946499,0.19043486593110384
2279,50.39662135,30.50950333,0.13971054830767352
2282,50.396665,30.50953575,0.17768310780172694
2286,50.39670892,30.50957302,0.5134522413966032
2289,50.39674859,30.50960375,0.8694211866379572
2293,50.39677686,30.50962766,0.7951214411477598
2296,50.39679353,30.50963515,0.6349766872310664
2300,50.39680194,30.50964155,0.6242823585419512
2303,50.39680191,30.50964368,0.21570222769948713
2307,50.39680122,30.50964255,0.3758343176736769
2310,50.39680589,30.50964573,0.43131771349217857
2314,50.39681713,30.50965377,0.1990121891533406
2317,50.3968281,30.50966037,0.5805715198008928
2321,50.39683222,30.50966365,0.26382767551584674
2325,50.39683287,30.50966334,0.05862699285956321
2328,50.39683325,30.50966378,0.05031814977863946
2331,50.39683364,30.5096635,0.028656056615597957
2335,50.39683361,30.50966305,0.018869263482268046
2338,50.39683371,30.50966166,0.022014671102300775
2342,50.39683409,30.50966153,0.0248991969298556
2345,50.39683394,30.5096606,0.034515075741271134
2349,50.39683356,30.5096608,0.042786026373801044
2352,50.39683278,30.5096611,0.04932135335879607
2356,50.39683253,30.50966085,0.05101668702102644
2359,50.39683235,30.50966075,0.057333306424027126
2363,50.3968321,30.5096607,0.05697250842824583
2366,50.39683198,30.50966065,0.05780709792642024
2370,50.39683202,30.50966065,0.05961722932057466
2373,50.39683205,30.50966066,0.057159653118303
2377,50.39683205,30.50966071,0.051185830226822444
2380,50.39683208,30.50966071,0.04075359663107107
2384,50.39683211,30.50966075,0.037537009407833465
2387,50.39683213,30.50966077,0.03751823833534844
2391,50.39683214,30.50966079,0.04406405516854357
2394,50.39683215,30.5096608,0.052519649053897714
2398,50.39683206,30.50966077,0.054963400459530284
2401,50.39683204,30.50966077,0.05412830836090025
2405,50.39683203,30.50966078,0.056495987041464184
2408,50.39683203,30.50966079,0.060332547344973425
2412,50.39683204,30.50966085,0.06020105950595642
2415,50.39683188,30.50966099,0.0634499720633135
2419,50.39683163,30.5096612,0.05848500667376492
2422,50.39683164,30.50966125,0.06393798108769437
2426,50.39683162,30.50966127,0.06244184527194495
2429,50.39683161,30.50966129,0.06374299647646718
2433,50.3968316,30.50966131,0.06652005518340623
2436,50.39683162,30.50966133,0.06659868073564693
2440,50.39683163,30.50966134,0.06757581768439823
2443,50.3968319,30.50966139,0.06884096102447275
2447,50.39683198,30.50966142,0.07078494457077668
2450,50.39683201,30.50966144,0.0706970356744523
2454,50.39683201,30.50966146,0.06642192719884725
2457,50.39683212,30.5096615,0.06506748327006237
2461,50.39683215,30.50966152,0.06325166697633536
2464,50.39683216,30.50966153,0.06697931209960942
2468,50.39683221,30.50966148,0.06483607141876666
2471,50.39683227,30.50966149,0.06272700172332929
2475,50.39683229,30.50966149,0.062396187852440305
2478,50.39683254,30.50966156,0.06384345751927706
2482,50.39683261,30.50966158,0.06685959448119178
2485,50.39683264,30.50966159,0.065386437424792
2489,50.39683264,30.50966159,0.06719729488611935
2492,50.39683265,30.5096616,0.06711425755471095
2496,50.39683265,30.5096616,0.06957398585745588
2499,50.39683265,30.5096616,0.06729496482477142
2503,50.39683265,30.5096616,0.064692449741536
2506,50.39683266,30.5096616,0.11296292708342742
2510,50.39683504,30.50966314,0.10934701995772962
2513,50.3968414,30.50966712,0.06881483189926671
2517,50.39684859,30.50967102,0.31062437767738477
2520,50.39685952,30.50967743,0.2657009004945146
2524,50.39687588,30.50968765,0.3459458474008353
2527,50.39689482,30.50970039,0.11881637576122343
2531,50.3969191,30.50971585,0.7555294548195356
2534,50.39695097,30.50973828,0.3871876645231473
2538,50.39699186,30.50976524,0.5963239125792535
2541,50.39704636,30.50980201,0.5993822027634425
2544,50.39710351,30.50984081,0.47305905596249787
2548,50.39716816,30.50988645,0.41656067320154955
2551,50.39723648,30.50993852,0.24128509929262618
2555,50.39731037,30.50999945,0.3981882708331749
2558,50.39738437,30.51006573,0.15603521193028091
2562,50.39745881,30.51013042,0.32316616651297153
2565,50.39753805,30.51020024,0.20861303829393205
2569,50.39761943,30.5102909,0.274996698396956
2572,50.39770248,30.51037503,0.34327514462777287
2576,50.39778981,30.51046661,0.18675317325669544
2579,50.39787789,30.51056028,0.5418461224117785
2583,50.39796754,30.51065516,0.2959634559572899
2586,50.39806088,30.51075357,0.181633961530259
2590,50.39815499,30.51085397,0.16705928572632947
2593,50.39824788,30.5109547,0.11306392891233698
2597,50.3983394,30.51105651,0.12043483412803088
2600,50.39843261,30.51116022,0.12211729539211451
2604,50.39852772,30.51127003,0.30540524647744255
2607,50.39862511,30.51138663,0.10012676044937364
2611,50.39872453,30.51150677,0.3890923022658269
2614,50.39882579,30.51162844,0.25633743576906465
2618,50.39893274,30.51175754,0.3763422089050718
2621,50.39903731,30.51188543,0.40361748084688914
2625,50.39913871,30.5120086,0.14620781846272654
2628,50.39923657,30.51212776,0.1351225240473663
2632,50.39933564,30.5122455,0.3099619264022284
2635,50.39942777,30.51235873,0.07396678398039251
2639,50.39951581,30.51246589,0.29182257010148704
2642,50.39960229,30.51257074,0.2138767350635476
2646,50.39968585,30.51267132,0.05939747830801355
2649,50.3997668,30.51276951,0.04614674498838283
2653,50.39984622,30.51286666,0.04012826210772554
2656,50.39992426,30.51296181,0.28296250670020495
2660,50.4000058,30.51306058,0.21568690001736351
2663,50.40009084,30.51316409,0.23771107364763913
2667,50.40017688,30.51326905,0.262639325896836
2670,50.40026503,30.51337608,0.3353606225442514
2674,50.40035858,30.51349085,0.20253084055355658
2677,50.40045415,30.51360758,0.2060458932195721
2681,50.40055142,30.5137265,0.16954675582453
2684,50.4006523,30.51384842,0.1309297922582813
2688,50.40075736,30.51397509,0.2985926367541097
2691,50.40086017,30.51409721,0.2423864534703528
2695,50.40096139,30.51421475,0.1304553831794338
2698,50.4010612,30.51432804,0.35125522892147415
2702,50.40115967,30.51443793,0.5190284888405859
2705,50.40125321,30.51453901,0.7579511707805494
2709,50.40133998,30.51463162,0.6967900100367412
2712,50.40141863,30.51471537,0.45793822216610613
2716,50.40149333,30.51479402,0.6186489459865535
2719,50.40156347,30.51486797,0.38977368684977004
2723,50.401629,30.51493733,0.2706694279413336
2726,50.40169115,30.5150022,0.3452998979804274
2730,50.40175392,30.51506848,0.15406187039754612
2733,50.40181995,30.5151359,0.33346845277320686
2737,50.40189049,30.51520882,0.4561889430135508
2740,50.40196752,30.51529055,0.4583680859330255
2744,50.40205259,30.51538152,0.13212832360978444
2747,50.40213997,30.51547445,0.16295200588233255
2751,50.40222724,30.51556476,0.6126748062121509
2754,50.40230968,30.51564497,0.7339591210462312
2758,50.40238784,30.5157172,0.4541913486296206
2761,50.40246322,30.51578264,0.31358316864381836
2765,50.40253402,30.51584268,0.263650951753289
2768,50.40260289,30.51589815,0.12814150059729743
2772,50.40267397,30.51595429,0.05648277719875365
2775,50.40274934,30.51601014,0.2772044248342786
2779,50.40282404,30.51606461,0.5172206915867333
2782,50.40289802,30.51611613,0.22242894326230553
2786,50.40297453,30.51616808,0.22418839837694654
2789,50.40305204,30.51622074,0.04958050828628654
2793,50.40313371,30.51627659,0.11249982550171858
2796,50.40321962,30.51633723,0.2274781764010382
2800,50.40331177,30.51640469,0.40426936602039343
2803,50.40340616,30.51647691,0.1271319665115741
2807,50.40350465,30.51655665,0.3493940712248855
2810,50.40360278,30.5166396,0.23176562677648535
2814,50.40370039,30.5167278,0.5558619058255506
2817,50.4038013,30.51681778,0.5599846968303495
2820,50.40390144,30.51690801,0.30154241176663327
2824,50.40400197,30.51698934,0.42753135531544495
2827,50.40410726,30.51706147,0.565527854996794
2831,50.40421478,30.51713094,0.1452377214010851
2835,50.40432244,30.51719819,0.20207448103795222
2838,50.4044316,30.51726739,0.14758773737333566
2841,50.40454522,30.51734,0.16441210717597976
2845,50.40465823,30.51741152,0.5444677957416916
2848,50.40476833,30.51748229,1.2520374220615642
2852,50.40488006,30.51755359,0.3288220550064545
2855,50.40499,30.51762796,0.6082513484322695
2859,50.40509266,30.51770244,0.8214450600408618
2862,50.4051841,30.51777633,0.9776681434627066
2866,50.40526118,30.51785057,1.1825626664143947
2869,50.40532232,30.51793047,0.48402850782455853
2873,50.40537021,30.51801571,0.3277479142184373
2876,50.40540536,30.51810563,0.18761174502523417
2880,50.40542957,30.51820557,0.31496454902578236
2883,50.40544722,30.51832194,0.27994551463715356
2887,50.40545927,30.51845585,0.4977422485287518
2890,50.40546771,30.51860193,0.43680345939275517
2894,50.40547457,30.51876322,0.4838066447555907
2897,50.40548033,30.51893374,0.3906974335111712
2901,50.40548611,30.51910486,0.23215780889219678
2904,50.40549197,30.51927322,0.249341240532653
2908,50.40550096,30.51944213,0.6365763952386339
2911,50.40551864,30.51960799,0.4268675199503878
2915,50.40555135,30.5197642,0.525778672742129
2918,50.40559866,30.51990917,0.25962454071946905
2922,50.40565631,30.52003953,0.2843358823159994
2925,50.40572004,30.52016629,0.5853243419573556
2929,50.40578672,30.52029356,0.15284153594054245
2932,50.40585029,30.52041845,0.6574871788779731
2936,50.4059127,30.52054696,0.6688863453232969
2939,50.40596978,30.52068245,0.31412847819343853
2943,50.40601366,30.52082929,0.8060220464637989
2946,50.40603831,30.52097735,0.2354333267656763
2950,50.40604843,30.52112414,0.9165561718949662
2953,50.40604279,30.5212557,0.9806012079538121
2957,50.40603047,30.5213557,1.2356792162866386
2960,50.40601781,30.52142738,0.9390938887198839
2964,50.40600626,30.52147975,0.1448423537640098
2967,50.40599467,30.5215265,0.17961587848212174
2971,50.40598499,30.52156654,0.9365617579039581
2974,50.40597985,30.52158737,0.9423791186230547
2978,50.40597827,30.52159264,0.2584800554535818
2981,50.40597772,30.52159394,0.11678890521062532
2985,50.40597771,30.52159393,0.11133459964573737
2988,50.40597771,30.52159393,0.08197533352636756
2992,50.40597666,30.52159696,0.15391831255102303
2995,50.40597473,30.52160416,0.05565804536488162
2999,50.40597242,30.52161428,0.17046555605366132
3002,50.40596871,30.52163016,0.6251926244799507
3006,50.40596098,30.5216623,0.688085954196736
3009,50.40594549,30.52171058,0.816820579525005
3013,50.4059153,30.52177364,0.9592375953706068
3016,50.40586898,30.52184655,0.7661722488154967
3020,50.40581122,30.52192695,0.7718192291685342
3023,50.40573916,30.52202435,0.861572173563815
3027,50.40565928,30.52213464,0.4440403599172217
3030,50.40557135,30.52225368,0.6964618960169423
3034,50.4054756,30.52237749,0.44386706873823406
3037,50.4053712,30.52250707,0.20780629179511376
3041,50.40526725,30.52263483,0.16566123434805996
3044,50.40516848,30.52275701,0.4016329652253834
3048,50.40507474,30.52287834,0.792812309323974
3051,50.40498809,30.52299445,0.8722814169377897
3055,50.40491109,30.52310227,0.8910116161033547
3058,50.40484324,30.52320029,0.8680864942751442
3062,50.40478513,30.52328334,0.5280270081885664
3065,50.40473288,30.52335746,0.36445266503438295
3069,50.40468434,30.52342549,0.23154014734270814
3072,50.40463895,30.52348998,0.17562648368336567
3076,50.40459735,30.52355355,0.1189192474838031
3079,50.40455714,30.52362055,0.4377420830431771
3083,50.40451396,30.52369439,0.6998846378988592
3086,50.40446617,30.52377778,0.24661873278854227
3090,50.40441524,30.52387462,0.3486933588725277
3093,50.40436275,30.52398567,0.20052876247402804
3097,50.40431485,30.5241049,0.4933261504873508
3100,50.40427353,30.52423154,0.1632338899784668
3103,50.40423857,30.52436958,0.25307048996067333
3107,50.40421117,30.52451724,0.47584393456533947
3110,50.40419337,30.52467359,0.28968739241249875
3114,50.4041848,30.52483824,0.2014323059392819
3117,50.40418469,30.52501007,0.1270593391483025
3121,50.40419126,30.52519664,0.11752009273607159
3124,50.40420533,30.52539083,0.4563141035509428
3128,50.40422423,30.52558832,0.4294901358474946
3131,50.40425182,30.52579147,0.4305887459872101
3135,50.40428978,30.52600795,0.4445562149203915
3138,50.40433376,30.52622903,0.1798863147732878
3142,50.40437963,30.52645538,0.3986608049056393
3145,50.40442737,30.52669511,0.3422894215823117
3149,50.4044742,30.52694952,0.17266021649890184
3152,50.40451648,30.52721165,0.15534514436984345
3156,50.40455599,30.52747621,0.15995789037628091
3159,50.40459424,30.52775033,0.17052058441529158
3163,50.40462956,30.52803325,0.2707258715621146
3166,50.40465983,30.5283219,0.2470284404839586
3170,50.40468421,30.52861347,0.7014938056773636
3173,50.40470412,30.52890274,0.2545527047315901
3177,50.4047178,30.52919596,0.38042984124929374
3180,50.40472547,30.52949065,0.2622265243259827
3184,50.4047229,30.5297719,0.1380648380076161
3187,50.40470952,30.5300511,0.36499772415726056
3191,50.40468685,30.53032293,1.0538281856092382
3194,50.40465743,30.53057972,0.6224445741836859
3198,50.40462675,30.53080914,0.9380540692299859
3201,50.40459553,30.53102452,0.14563041592645226
3205,50.4045671,30.53123627,0.2561001436766668
3208,50.40453845,30.53145477,0.39487910328608294
3212,50.40450386,30.53168199,0.2622966865619804
3215,50.40446525,30.5319134,0.31848466703253175
3219,50.40442236,30.53215474,0.30260802634575656
3222,50.4043741,30.53240595,0.3951935558874206
3226,50.40432234,30.53265242,0.15596599604169498
3229,50.40426574,30.53290029,0.2587495380121056
3233,50.40420255,30.53315384,0.07708352332217121
3236,50.40413455,30.53340885,0.12909904942612047
3240,50.40406509,30.53365466,0.3056549888372556
3243,50.40398947,30.53390162,0.2066464510805156
3247,50.40390964,30.53414569,0.19220312769422912
3250,50.40382701,30.53438735,0.16514254762802555
3254,50.40374531,30.53462676,0.2106224052025064
3257,50.40366549,30.53486559,0.4904150567025819
3261,50.4035894,30.53510234,0.262904778223397
3264,50.40351741,30.53533583,0.27769055468269604
3268,50.40345108,30.53556821,0.3514711926309763
3271,50.4033912,30.53579197,0.9327625478263778
3275,50.40333499,30.53600412,1.043353632286843
3278,50.40328262,30.53619899,1.0151962472265912
3282,50.40323709,30.53636461,1.1737107817002972
3285,50.4031977,30.53650662,1.2894709262979909
3289,50.40316492,30.53662522,1.0526447923482933
3292,50.40313842,30.53672159,0.3998745337810928
3296,50.40311543,30.53680665,0.27765697161803704
3299,50.40309447,30.53688623,0.23155254413073945
3303,50.40307326,30.53696447,0.12456830886531602
3306,50.40305194,30.53704652,0.5778976691642216
3310,50.40302734,30.53714159,0.45593764452314384
3313,50.403,30.53724759,0.5287713964966312
3317,50.40296803,30.53737016,0.5854294362823178
3320,50.40293397,30.53750314,0.2582947279820645
3324,50.40289853,30.5376426,0.0760917865461018
3327,50.40286535,30.53777945,0.2764206794738495
3331,50.4028328,30.5379148,0.19932304427461656
3334,50.40280286,30.53804247,0.25406092186388396
3338,50.40277575,30.53816505,0.06109419594165058
3341,50.40274931,30.53828336,0.24455812740909658
3345,50.40271999,30.53840592,0.5674947698645689
3348,50.40268536,30.53853898,0.6972883994957984
3352,50.40264981,30.53867826,0.12401145721644086
3355,50.40261736,30.53882277,0.10622578094828176
3359,50.4025859,30.53897586,0.2806548983005634
3362,50.40255751,30.53913114,0.2423533464082429
3366,50.40253076,30.53929043,0.09689023710045183
3369,50.40250508,30.53944875,0.14225754252559336
3373,50.40247946,30.53961166,0.25359130236093824
3376,50.4024567,30.53976906,0.2635169394638203
3380,50.40243406,30.53992307,0.24333567480685458
3383,50.40241246,30.54007015,0.2085843522254305
3386,50.40238909,30.54021612,0.09335862671659227
3390,50.40236106,30.54035711,0.10933496611973918
3393,50.40232758,30.54049601,0.19818814356360617
3397,50.40229011,30.54063188,0.15873941755137466
3400,50.40225058,30.54077255,0.47226614960101654
3404,50.4022211,30.54091571,0.15795994471203922
3407,50.40220088,30.54106221,0.38756294640515904
3411,50.40218387,30.54121519,0.13278021030716827
3414,50.40216732,30.54138166,0.2336156801743058
3418,50.40215046,30.54155352,0.4573336837844931
3421,50.40213307,30.54173227,0.26702857437764105
3425,50.40211487,30.54191404,0.26746402179199547
3428,50.4020974,30.54210725,0.21754653445213692
3432,50.4020819,30.54229787,0.28714245989419396
3435,50.40206864,30.54248582,0.5645926700745442
3439,50.40205662,30.5426664,0.36069714192086394
3442,50.40204588,30.54284504,0.3148354157843402
3446,50.40203633,30.54301452,0.7255191346408211
3449,50.40202797,30.54316963,0.9765593028017125
3453,50.40202049,30.54330804,1.320553635326527
3456,50.40201149,30.54343124,0.7579640588059662
3460,50.4019959,30.54352823,0.6435462439790124
3463,50.40196552,30.54359972,0.406036061732867
3467,50.40192288,30.54363721,0.5453062176423423
3470,50.40187688,30.5436373,0.5571003528010452
3474,50.40183989,30.54361039,0.2601307275961701
3477,50.40181304,30.54356657,0.9602845254334295
3481,50.4017864,30.54351212,0.8300581212838288
3484,50.40175586,30.54344599,0.9877939082306756
3488,50.40171926,30.5433717,1.5775318536828569
3491,50.40167717,30.54328925,0.6533506044041049
3495,50.40163248,30.54320227,1.046180026458351
3498,50.40158002,30.54310981,1.0953165176331263
3502,50.40152372,30.54302658,0.8510141705976949
3505,50.40146375,30.5429462,0.4390465913428389
3509,50.4014008,30.54287487,0.4050981911041747
3512,50.40133148,30.54281054,0.4170325524053486
3516,50.40125915,30.54275575,0.607197828895639
3519,50.40118325,30.54270877,0.35689659908055993
3523,50.4011036,30.54266576,0.3627931853436257
3526,50.40102102,30.54262359,0.6971255094564845
3530,50.40093623,30.54258141,0.3384442225735037
3533,50.40085223,30.54253661,0.45913322522648914
3537,50.40077217,30.54248245,0.17443106850706272
3540,50.40070012,30.54241751,0.4018373681784506
3544,50.40064071,30.5423411,0.44295760960676994
3547,50.4005937,30.54225276,0.42996473646411176
3551,50.40055753,30.54216036,0.2164431390072615
3554,50.40052277,30.54206424,0.807106730456787
3558,50.40048539,30.54196418,0.452288203542562
3561,50.40044507,30.54185968,0.6258692734001736
3565,50.40040081,30.54175444,0.4740898179097052
3568,50.4003542,30.54165002,0.15665602722415878
3572,50.40031039,30.54155253,0.3681072621285747
3575,50.40027294,30.54146321,0.3850554892416518
3579,50.40024241,30.54138439,0.5671554811743735
3582,50.40021647,30.54131736,0.16417133452607902
3586,50.40019735,30.54126187,0.03286747838930306
3589,50.40018219,30.54121629,1.0256447346965423
3593,50.40016967,30.54117922,0.4430746518913736
3596,50.40015806,30.541146,0.577165357418351
3600,50.40014832,30.54111201,0.513944197162283
3603,50.40013784,30.54107887,0.4104665373529132
3607,50.40012809,30.54104313,0.42646374773252105
3610,50.40011615,30.54100468,0.3903988952796606
3614,50.40010377,30.54096211,0.494829892094186
3617,50.40009095,30.54091899,0.37426380464299014
3621,50.40007823,30.5408749,0.0906930543220031
3624,50.40006653,30.54083038,0.5252082362530414
3628,50.4000568,30.54078358,1.1267627329253898
3631,50.40004577,30.54073767,1.469081587965067
3635,50.40003352,30.54069224,0.5148716748089003
3638,50.40002333,30.54064696,0.6671100363620756
3642,50.40001237,30.54060186,0.4431798213502839
3645,50.40000093,30.54055528,0.4233812521951508
3649,50.39998928,30.54050663,0.6350768432116008
3652,50.39997756,30.54045771,0.93516839256053
3655,50.39996729,30.54041216,0.4434321796033674
3659,50.3999587,30.54036898,0.24988037536773444
3662,50.39995079,30.54032586,0.4090643446266622
3666,50.39994128,30.54028049,0.4330586737666962
3669,50.39993282,30.54023395,1.0420241803846546
3673,50.39992202,30.54018578,1.001330047225315
3676,50.39990893,30.54012817,0.9223661731329426
3680,50.39989459,30.54006144,0.8082089961168609
3683,50.39987761,30.53998517,0.7187212380434551
3687,50.39986081,30.53990368,0.7050902556420215
3690,50.39984373,30.53981604,0.519091465378364
3694,50.39982564,30.53972666,0.5703266795892117
3697,50.39980724,30.53963264,0.5082614480572708
3701,50.39978737,30.53953752,0.5636625736631601
3704,50.39976522,30.53943494,0.6621208323158501
3708,50.3997432,30.53932973,0.746151621825224
3711,50.39972044,30.53922063,0.3350994790038796
3715,50.39969693,30.5391085,0.6032902760783554
3718,50.39967392,30.53899456,0.6271963206846324
3722,50.39965192,30.53888091,0.39802762496733524
3725,50.39963047,30.53876806,0.34045829528319366
3729,50.39960983,30.53865973,0.4065327829678572
3732,50.39958973,30.53855224,0.2679676925108782
3736,50.39956892,30.53844642,0.30300351361562594
3739,50.3995484,30.53834008,0.2976126096667034
3743,50.39952929,30.53823797,0.7901215273336969
3746,50.39951169,30.5381368,0.6427292222802298
3750,50.3994951,30.53803066,0.4473066174421464
3753,50.39947929,30.53792831,0.7887900701554933
3757,50.39946613,30.53782842,0.6728875771582141
3760,50.39945496,30.53772173,0.48962648054292635
3764,50.39944428,30.53760726,0.8468866170503638
3767,50.39943655,30.53748679,0.3987574234232147
3771,50.39942987,30.5373615,0.8367978969810613
3774,50.39942588,30.53723264,0.12877492659753587
3778,50.39942388,30.5371013,0.26748101164259397
3781,50.39942293,30.53697247,0.10956353797575273
3785,50.39942462,30.5368537,0.40977780195788516
3788,50.39942587,30.53674286,0.29782985979487553
3792,50.39942673,30.5366384,0.9745679413812424
3795,50.39942977,30.53655236,0.9541375104271876
3799,50.39943334,30.53648274,0.207513061781385
3802,50.39943469,30.53641949,1.4151871888428624
3806,50.39943669,30.53635815,0.09365402795012104
3809,50.39943908,30.53629949,0.06171076083001794
3813,50.399441,30.53624342,0.2631411271004984
3816,50.39944294,30.5361912,0.28758850910428474
3820,50.39944463,30.53614103,0.4890788663181765
3823,50.39944733,30.53609305,0.3807756981761367
3827,50.3994489,30.53604973,0.3500910611601354
3830,50.39945084,30.53600401,0.4147163017340879
3834,50.39945377,30.53594824,1.0288304721374653
3837,50.39945735,30.53588683,0.17046730235686075
3841,50.39946028,30.53582439,0.6230377861330793
3844,50.3994645,30.53576066,0.34344677952857455
3848,50.39946845,30.53569874,0.11561511135728361
3851,50.39947132,30.53563951,0.9365627940989938
3855,50.39947334,30.53558722,1.5865895458477381
3858,50.39947559,30.53553351,0.5934770070771453
3862,50.39947702,30.53548152,0.4226239509251413
3865,50.3994797,30.53542991,0.8458401012845833
3869,50.39948154,30.53538197,0.760375973988414
3872,50.39948453,30.53532815,0.11400286339875013
3876,50.39948613,30.53526738,0.7412265948120014
3879,50.3994879,30.53519813,0.4706656854539798
3883,50.39948965,30.53512208,0.3820141478607058
3886,50.39949191,30.53503363,0.3517509225046276
3890,50.39949514,30.53493416,0.15426720111975964
3893,50.39949871,30.53482444,0.35563010181664
3897,50.39950193,30.5347111,0.2944813230307917
3900,50.3995056,30.53459062,0.5937211956204943
3904,50.39950878,30.53446339,0.2579067462792918
3907,50.39951262,30.53432798,0.24760988376384335
3911,50.39951573,30.53418936,1.2386275767850559
3914,50.39952052,30.53404472,1.3106861521031727
3918,50.39952337,30.53389664,1.0117607406771467
3921,50.39952825,30.53375136,0.7009015748988382
3925,50.39953361,30.53360938,0.5829154056921483
3928,50.39954012,30.53346659,0.1441983113416542
3931,50.39954547,30.53332331,0.6645719112194648
3935,50.39955006,30.53317983,0.7189210126469566
3939,50.39955524,30.53303479,0.10680405966958725
3942,50.39956043,30.53288674,0.21658409658515007
3945,50.39956469,30.53273874,0.42180635201246264
3949,50.39956858,30.53258548,0.6814617482847446
3952,50.39957268,30.53243391,0.471680607582626
3956,50.39957929,30.53228049,0.5556200224856045
3959,50.39958372,30.53212668,0.3104855398821054
3963,50.39958726,30.53198398,1.5057221047746268
3966,50.39959068,30.53186274,0.9929801529782349
3970,50.39959229,30.53175866,0.8847528040811137
3973,50.39959519,30.53167071,1.0911030510678466
3977,50.39959853,30.53160141,0.7015520515086581
3980,50.39960124,30.53154838,0.4191078008042823
3984,50.39960315,30.53150226,0.12999127938890934
3987,50.39960588,30.53145382,1.0599209907967346
3991,50.39960904,30.53140247,0.8801988337814415
3994,50.39961303,30.53134933,0.7410133192535415
3998,50.39962023,30.53129025,0.12800483611058508
4001,50.39962524,30.5312249,0.3629744254872601
4005,50.39963009,30.53115155,0.2463236522231571
4008,50.39963865,30.5310731,0.34764596296894035
4012,50.39964674,30.53098938,0.34124360117746755
4015,50.39965646,30.53089541,0.06126850742989225
4019,50.39966686,30.53079603,0.1434617028240385
4022,50.39967985,30.53068904,0.09531456186286905
4026,50.39969127,30.53057461,0.3539339858732678
4029,50.39970438,30.5304569,0.25209048339654855
4033,50.39971643,30.53033535,0.46689074631732136
4036,50.39972897,30.53021625,1.5534563670054156
4040,50.39973812,30.53011317,1.4407160903909684
4043,50.39974936,30.5300232,0.8037973288383288
4047,50.39975855,30.52994407,1.2874420523482792
4050,50.39976659,30.52987439,0.3509188625013104
4054,50.39977451,30.52981223,1.3481214714132128
4057,50.39978084,30.52975092,0.1384333832601956
4061,50.39978768,30.52969189,0.17038315117807892
4064,50.39979338,30.52963425,0.0893261703287234
4068,50.39980172,30.52957489,0.25470983636637157
4071,50.39981379,30.52950355,0.41969895914476735
4075,50.39983833,30.52942589,0.40603816703356715
4078,50.39987646,30.5293505,0.6242108386842287
4082,50.39993102,30.52928257,0.2482787308340894
4085,50.3999959,30.52921942,0.5689651691879637
4089,50.4000685,30.5291508,0.38271964581132495
4092,50.4001467,30.52907381,0.8180029095664664
4096,50.4002294,30.52899088,0.09917613194447271
4099,50.40032129,30.52890229,0.15771365363735632
4103,50.40042052,30.528813,1.0016211294891766
4106,50.40052514,30.52872128,0.4833450174714572
4110,50.40063221,30.52862505,0.33431159048540887
4113,50.40075024,30.52852269,0.370667517665444
4117,50.40087161,30.52841876,1.1217406088506554
4120,50.40099462,30.52831282,0.5660979998564275
4124,50.4011217,30.52820301,0.2003966131853265
4127,50.4012552,30.52808574,0.1215381325184989
4131,50.40139267,30.5279673,0.7490521797894216
4134,50.40153204,30.52784642,0.21777208582404273
4138,50.40167499,30.52772199,0.1090111515960195
4141,50.40181953,30.52759415,2.3645261049951416
4145,50.40196368,30.52745881,1.4008437588416005
4148,50.40210622,30.52731428,0.9674143011860404
4152,50.40224658,30.52716326,0.6921874110915204
4155,50.40238786,30.5270022,0.9712941730739001
4159,50.40252619,30.52683533,1.0449866142996524
4162,50.40266292,30.52666242,0.9106404705388861
4166,50.40279364,30.52648764,0.6676117450042245
4169,50.40292288,30.52630674,0.27863906450907583
4173,50.40304788,30.52612859,0.5015612048754138
4176,50.40316906,30.52595627,0.6160464960317318
4180,50.40329005,30.52578609,0.8223530531649766
4183,50.40341414,30.5256134,0.5338913490393965
4187,50.40353813,30.52544785,0.08052478096473047
4190,50.40366264,30.52528664,0.17692224988855706
4194,50.40378899,30.52513473,0.12456827638380037
4197,50.40391964,30.52498906,0.17511014031132704
4201,50.40405024,30.52484586,0.3935167135017308
4204,50.40417836,30.52469999,0.22313825683152852
4208,50.4042989,30.52454683,0.44836018159154406
4211,50.40441285,30.52437503,0.1838977515541142
4215,50.40451672,30.52418712,0.5406848799187244
4218,50.40461157,30.52399589,0.29202123616049586
4221,50.40470721,30.5238047,0.15351797924006735
4225,50.4048117,30.52361432,0.2114379805353423
4228,50.40492264,30.52343487,1.4676249598649833
4232,50.40503513,30.52326706,1.2425935950464229
4235,50.40514422,30.52311039,0.555386993347745
4239,50.40524951,30.52295941,1.3136342259978049
4242,50.40534665,30.52282184,0.4268255817496402
4246,50.4054389,30.52268914,0.5359455466939406
4249,50.4055267,30.52256,0.24655059082299507
4253,50.40561356,30.52243176,0.1686951166752342
4256,50.40570417,30.52230156,0.2599806291838333
4260,50.40579889,30.52217211,0.6285541051190833
4263,50.40589509,30.52204512,0.22232558947182346
4267,50.40599722,30.52191191,0.5920105109761409
4270,50.40610315,30.52177296,0.17360058281100643
4274,50.40620656,30.52163083,0.13444388931840096
4277,50.40631235,30.52148173,0.2721004864984128
4281,50.40642086,30.52132177,0.3987254061574964
4284,50.40652311,30.52115542,0.278666855329012
4288,50.40661672,30.52098495,0.4680107482426389
4291,50.40670393,30.5208066,0.4130139927326732
4295,50.40678814,30.52061476,0.40399630766412986
4298,50.40686515,30.52041877,0.17495069474408337
4302,50.40693803,30.52021623,0.1258094599341804
4305,50.40700551,30.52000946,0.1103985801233248
4309,50.40706896,30.51979468,0.4028989893670253
4312,50.40712692,30.51957531,0.47387129894135793
4316,50.40717815,30.51935734,0.6947928351158434
4319,50.40722138,30.51914514,0.3104640661350346
4323,50.40726026,30.51893237,2.264305616053102
4326,50.40728992,30.51872345,0.7893818974264365
4330,50.40730936,30.51853497,0.5129421527844932
4333,50.40732209,30.51835874,0.3378880696605617
4337,50.40733019,30.51819074,0.10132795698860404
4340,50.40733584,30.51803361,0.1643159660029456
4344,50.40733781,30.51788847,0.26377366998254964
4347,50.40733874,30.51775092,0.5774534001028453
4351,50.40733739,30.51761849,0.2070163925362455
4354,50.40733593,30.51749379,0.07029750549029543
4358,50.40733166,30.51737569,0.30858495066042274
4361,50.40732728,30.51726866,0.3222656701802678
4365,50.40732126,30.51717012,0.23884403518206473
4368,50.40731355,30.51708112,0.2028462626262545
4372,50.40730572,30.5170014,0.20086428953755883
4375,50.40729766,30.51693117,0.1772544817464137
4379,50.40728955,30.51686452,0.19328514133537505
4382,50.40728071,30.51679714,0.6115989293234124
4386,50.40727141,30.51672066,0.7138896355629801
4389,50.40726034,30.5166305,0.7733828579545144
4393,50.40724782,30.51652457,0.4630306736749496
4396,50.40723265,30.51641249,0.4811421714005624
4400,50.40721717,30.51629248,0.5039897414410704
4403,50.40719959,30.51616196,0.5940436529273111
4407,50.40718269,30.51602139,0.6669541731235165
4410,50.40716683,30.51587085,0.38970049167010445
4414,50.40715377,30.51571359,0.19911604009024664
4417,50.40714428,30.51555599,0.2798440122840231
4421,50.40714062,30.51539265,0.5128861567366662
4424,50.40714329,30.51522826,0.4888124589638441
4428,50.40715083,30.51506391,0.14931567321750305
4431,50.40716175,30.51490374,0.24080794179904838
4435,50.40717359,30.51474032,0.24837436203909977
4438,50.40718572,30.51457951,0.13494657735451696
4442,50.40719851,30.51441876,0.1784547703733229
4445,50.40721142,30.51425676,0.30683808832880943
4449,50.40722497,30.5140869,0.15085160375039355
4452,50.40723818,30.51391646,0.2824335608869408
4456,50.4072517,30.51374307,0.40782883501211825
4459,50.40726365,30.51356863,0.09240515132867783
4463,50.40727425,30.51339449,0.19516280152418453
4466,50.40728407,30.51321938,0.2614798361339115
4470,50.4072942,30.51304865,0.17615720714345262
4473,50.40730492,30.512884,0.21583299121299424
4477,50.40731652,30.5127281,0.27051767152160316
4480,50.40732927,30.51257905,0.42087820200627407
4484,50.40734119,30.51244238,0.22337755736300963
4487,50.40735262,30.51230553,0.7572979358137022
4490,50.40736452,30.51215687,0.44546460622533046
4494,50.40737664,30.51199915,0.4379455438967003
4497,50.40738726,30.51183621,0.41095535340417066
4501,50.40739736,30.51165903,0.4841937183655366
4504,50.40740891,30.51146932,0.5726746951627464
4508,50.40742236,30.51126597,0.5531656676376111
4511,50.40743743,30.511051,0.7375219918489918
4515,50.40745353,30.51082899,0.5741798653279788
4518,50.40747045,30.51059171,0.4454597143035989
4522,50.40748865,30.51033988,0.41512065417939953
4525,50.40750763,30.51008299,0.7447709395706553
4529,50.40752688,30.50981798,0.3023248595874314
4532,50.40754685,30.50954414,0.30552838714763564
4536,50.40756735,30.50926717,0.25643616963817045
4539,50.40758499,30.50900282,0.5936874843445202
4543,50.40759936,30.50873928,0.1338821683884626
4546,50.40761124,30.50847846,0.16415449714827965
4550,50.40761987,30.50822551,0.3367666989838397
4553,50.40762796,30.50798087,1.2296434095874864
4557,50.40763537,30.50773679,0.44428837302274027
4560,50.40764278,30.50749378,0.11594529615762426
4564,50.40765073,30.50724897,0.17952450466155592
4567,50.4076585,30.50700481,0.11858347352139446
4571,50.40766614,30.50676373,0.2714488029245898
4574,50.40767498,30.50651705,0.6980541455840711
4578,50.40768381,30.50626628,0.18979199569846728
4581,50.40769306,30.50602274,0.1580818214813832
4585,50.40770196,30.50577678,0.0857482747481194
4588,50.40770968,30.50552555,0.23356677385227653
4592,50.40771783,30.50526745,0.31256400523212086
4595,50.40772659,30.50501494,0.2331632140588194
4599,50.40773608,30.50475616,0.11566157677846668
4602,50.40774515,30.50449577,0.6121841558314872
4606,50.40775295,30.50424113,0.6690348200935524
4609,50.40776052,30.50400437,1.0344962010409657
4613,50.40776762,30.50378112,1.2138887676245034
4616,50.4077751,30.50358052,1.1883859673723385
4620,50.40778175,30.50340096,0.9233481626482508
4623,50.40778747,30.50324161,0.5488366244821432
4627,50.407793,30.50309614,0.48122332221608394
4630,50.40779732,30.50295755,0.7177722526043637
4634,50.40780211,30.50282761,0.4469329660305171
4637,50.407806,30.50271023,0.43004882750897494
4641,50.4078099,30.50259696,0.3878131299960273
4644,50.40781387,30.50248766,0.42259756860792896
4648,50.40781696,30.50238175,0.36970794056890277
4651,50.40781948,30.50228316,0.4402512981913834
4655,50.40782256,30.50218759,0.5723714985823846
4658,50.4078249,30.50210034,0.5898449408093512
4662,50.40782659,30.50202459,0.8495682985996784
4665,50.4078279,30.50196359,0.9081267287670671
4669,50.40782885,30.50191828,0.7923950059827545
4672,50.40782952,30.50188752,0.6921951207134526
4676,50.40783013,30.50186699,0.5848783702347784
4679,50.40782991,30.50185735,0.5856754013457622
4683,50.40782989,30.50185531,0.2060353459584466
4686,50.40782989,30.50185542,0.20869718250590502
4690,50.40782967,30.50185034,0.4086065634665195
4693,50.40782995,30.50183779,0.625892423308012
4697,50.40783006,30.50182968,0.34820846316480775
4700,50.40783013,30.50182405,0.29171882996087933
4704,50.40782976,30.50182138,0.36580298547236567
4707,50.40782982,30.50182175,0.21094400157262375
4711,50.40782982,30.50182175,0.208492219649004
4714,50.40782982,30.50182175,0.20938038418136465
4718,50.40782963,30.50181877,0.456391185408838
4721,50.40782988,30.50180226,0.38093008787333227
4725,50.40783003,30.50177616,0.42909086285260384
4728,50.40783075,30.50173383,0.5338447466341679
4732,50.40783179,30.50167326,0.5923141506024624
4735,50.40783197,30.50159267,0.6504280964625317
4739,50.40783264,30.50149376,0.3237114233037058
4742,50.40783377,30.50137569,0.455949160144982
4746,50.40783439,30.50124339,0.42162595268192526
4749,50.40783422,30.50109823,0.5272585047833301
4753,50.40783384,30.50093769,0.4435825119039053
4756,50.40783351,30.5007643,0.7072069204618051
4760,50.40783231,30.50058111,0.4107873436592306
4763,50.40783063,30.50038667,0.5713045416715049
4767,50.40782741,30.50018557,0.34313492186286304
4770,50.40782291,30.49997539,0.296896709088526
4774,50.40782046,30.49976132,0.10910097330458707
4777,50.40782137,30.49954815,0.07444225402053685
4781,50.40782432,30.49933861,0.0765379475612113
4784,50.40782812,30.49912337,0.30544425648752693
4787,50.40782957,30.49891541,0.4646641860073935
4791,50.40782826,30.49871557,0.26824370764050615
4794,50.40782506,30.49851635,0.15033720859524674
4798,50.40782096,30.4983128,0.5019699800141154
4801,50.40781641,30.49811267,0.3269878308935063
4805,50.40781183,30.49791662,0.19929235694771869
4808,50.40780713,30.49771778,0.4607731189000377
4812,50.40780286,30.49751746,0.6342008117419505
4815,50.40779866,30.49731867,0.4572429076404004
4819,50.40779527,30.49711823,0.3309462539928839
4822,50.40779312,30.49691834,0.11673813418935595
4826,50.40779279,30.49671305,0.69004802229059
4829,50.40779472,30.49650209,0.23211061339737585
4833,50.40779746,30.49629326,1.1159080664862502
4836,50.40780137,30.49608386,0.4810398339681491
4840,50.40780472,30.49586939,0.5863945999120245
4843,50.4078086,30.49566252,0.35327575056285
4847,50.40781362,30.49546618,0.28517805239855587
4850,50.40781993,30.49528514,1.2845327691879111
4854,50.40782685,30.49512241,0.8427939583319531
4857,50.40783396,30.49498474,0.9072572684466305
4861,50.40784143,30.49486741,0.39640027059538124
4864,50.40784922,30.49475821,0.4370710754815867
4868,50.4078573,30.49465963,0.847457288938794
4871,50.40786473,30.49457929,0.5727076071628063
4875,50.40787157,30.49451122,0.32594885301881854
4878,50.40787752,30.49445318,0.4124647311839393
4882,50.40788337,30.49440173,0.23596605387230968
4885,50.4078892,30.49435561,0.17511640875693588
4889,50.40789419,30.49431659,0.15039306976543884
4892,50.40789905,30.49427985,0.06286658648970586
4896,50.40790383,30.49424441,0.10496013490399732
4899,50.40790828,30.49420999,0.037184512004688114
4903,50.40791318,30.49417644,0.034311796246768035
4906,50.40791774,30.49414425,0.053249356826111476
4910,50.40792227,30.49411313,0.07122026107367922
4913,50.40792728,30.49408272,0.05261287850383446
4917,50.40793236,30.49405317,0.13994813119403407
4920,50.40793642,30.4940278,0.35096803533728255
4924,50.40793956,30.49400888,0.2942391017468106
4927,50.40794161,30.49399656,0.23505937253674042
4931,50.4079434,30.4939903,0.36801713151273713
4934,50.40794327,30.49399102,0.05144654043611493
4938,50.40794327,30.49399102,0.022860545443439642
4941,50.40794327,30.49399102,0.022405532452994436
4945,50.40794327,30.49399102,0.025509189466384755
4948,50.40794327,30.49399102,0.024987917329029725
4952,50.40794327,30.49399102,0.02615412094272703
4955,50.40794327,30.49399102,0.02728609080133889
4959,50.40794327,30.49399102,0.024802899653716026
4962,50.40794327,30.49399102,0.029076848254029657
4966,50.40794327,30.49399102,0.02707131411205387
4969,50.40794327,30.49399102,0.02938560579824345
4973,50.40794327,30.49399102,0.02787092539189879
4976,50.40794327,30.49399102,0.030729615240096157
4980,50.40794327,30.49399102,0.02935350955310998
4983,50.40794327,30.49399102,0.02750413342959934
4987,50.40794327,30.49399102,0.03024399412717575
4990,50.40794327,30.49399102,0.02802326266636918
4994,50.40794327,30.49399102,0.029312694106203976
4997,50.40794327,30.49399102,0.029017465486273653
5001,50.40794327,30.49399102,0.027776147348724533
5004,50.40794327,30.49399102,0.028564458919454548
5008,50.40794327,30.49399102,0.029956983744151976
5011,50.40794327,30.49399102,0.025009398223934658
5015,50.40794327,30.49399102,0.02805065297729322
5018,50.40794327,30.49399102,0.03422939521798759
5022,50.40794327,30.49399102,0.02867948745073813
5025,50.40794327,30.49399102,0.02579773198263922
5029,50.40794327,30.49399102,0.027280666095027085
5032,50.40794327,30.49399102,0.024714344551272083
5036,50.40794327,30.49399102,0.03181170480198411
5039,50.40794327,30.49399102,0.025977167179317227
5043,50.40794327,30.49399102,0.4830311316198086
5046,50.40794426,30.49397713,0.6363985608856557
5050,50.40794884,30.49395396,0.4422322107911088
5053,50.40795569,30.4939179,0.49001970688124535
5056,50.40796486,30.493871,0.26652211605152787
5060,50.40797562,30.49381759,0.2159284108828057
5064,50.40798896,30.49375649,0.2191407766784965
5067,50.40800398,30.4936906,0.16083596757745594
5070,50.40801976,30.49362073,0.0913322310901732
5074,50.40803706,30.493548,0.17699751282617182
5077,50.40805522,30.49347198,0.06305772886284852
5081,50.40807339,30.49339847,0.3220400997904386
5084,50.40809013,30.49333021,0.30550167450411664
5088,50.40810591,30.49326705,0.14672500622745296
5091,50.40812327,30.49319959,0.5015093442736885
5095,50.40814322,30.4931238,0.4418763828584535
5098,50.40816573,30.49304008,0.5051294196864969
5102,50.40819126,30.49294655,0.30238006511653476
5105,50.40822106,30.49284497,0.45450438664373544
5109,50.40825321,30.49274045,0.19526130466716346
5112,50.40828822,30.49263465,0.3124882393403189
5116,50.40832723,30.49252606,0.47875691048976243
5119,50.40837145,30.49241058,0.6818205694549243
5123,50.40841705,30.49229377,0.11071454159874433
5126,50.40846636,30.49217516,0.7441818526084807
5130,50.40851976,30.49205398,0.4069327358871076
5133,50.40857542,30.49193544,0.35985996678248067
5137,50.40863046,30.4918253,0.4575186186320222
5140,50.40868373,30.49172576,0.6644430149152689
5144,50.40873351,30.49164409,0.24327617989822944
5147,50.40878688,30.49158582,0.31362517174230925
5151,50.4088421,30.49155398,0.0827957083192318
5154,50.40889509,30.49154507,0.4197778512360968
5158,50.40894864,30.49155486,0.46937870625117806
5161,50.40900093,30.49158606,0.7461255318128539
5165,50.40904771,30.49163956,0.24461863564619565
5168,50.40908407,30.49171321,0.6846536580720497
5172,50.40911407,30.4917924,0.2949684319643747
5175,50.40914106,30.49187815,0.5003302371629187
5179,50.4091629,30.49196118,0.09919338808024956
5182,50.40917592,30.49204274,0.8394762032143596
5186,50.40917624,30.49211826,0.24555324144381166
5189,50.40915965,30.49218258,0.7241980929831089
5193,50.40913392,30.49222826,0.651496378050372
5196,50.40910446,30.49225593,0.8558383111878612
5200,50.40908073,30.49226787,1.026936390060923
5203,50.4090652,30.4922712,0.9079014643763448
5207,50.40905821,30.49227176,1.0067312025086819
5210,50.40905715,30.4922719,0.3511458194915625
5214,50.40905718,30.49227191,0.05988534204007909
5217,50.40905167,30.49227172,0.12123043518844806
5221,50.40904018,30.49226816,0.08257367283589999
5224,50.40902293,30.49225872,0.4331042458426965
5228,50.40899612,30.49223467,0.2257025733914317
5231,50.40896041,30.49220015,0.3946879637885819
5235,50.40891634,30.49215616,0.31900078743698335
5238,50.40886775,30.49210804,0.08076214298278546
5242,50.40881788,30.49206061,0.3176669328526902
5245,50.40876747,30.49201591,0.24148076928289264
5249,50.40872024,30.49197448,0.07186736744580821
5252,50.40867165,30.49193619,0.1806756883402796
5256,50.40862262,30.49190243,1.0960395167474155
5259,50.4085688,30.4918673,0.45349679681941085
5263,50.40851132,30.49182951,0.3893726392915066
5266,50.40844952,30.49178953,0.33492687316270153
5270,50.40838478,30.49174789,0.28891752316571734
5273,50.40831505,30.49170216,0.4404066318455067
5277,50.40824539,30.4916562,0.6543538816630885
5280,50.40817489,30.49160833,0.5681912496339062
5284,50.40810158,30.49155703,0.440008641416786
5287,50.40802429,30.49150327,0.2547079876236408
5291,50.40794858,30.49144959,0.31764237393353595
5294,50.40787445,30.49139733,0.3741930877200499
5298,50.40780482,30.49134856,0.449143793516157
5301,50.40773901,30.49130261,0.33022844688299186
5305,50.40767569,30.49125828,0.3041481185925517
5308,50.40761488,30.49121608,0.6216396516657922
5312,50.40755615,30.49117524,0.1481944851761674
5315,50.40749652,30.49113293,0.28703389909167853
5319,50.40743756,30.49109208,0.11703085767374609
5322,50.40737841,30.49105121,0.5104149117776381
5326,50.40731587,30.49100943,0.24834239060660396
5329,50.40724891,30.49096514,0.1238076781216036
5333,50.40717867,30.49092153,0.35737301167594565
5336,50.40710579,30.49087751,0.24761606830839308
5340,50.40702646,30.49083337,0.44949239495470417
5343,50.40694307,30.49079017,0.23639813675141835
5347,50.40685501,30.49075022,0.5631362706461505
5350,50.40676218,30.49071231,0.27740247777498417
5354,50.40666633,30.49067799,0.6181116652201312
5357,50.4065655,30.49064765,0.741746352025702
5360,50.40646022,30.49062322,0.4885356114352124
5364,50.40635268,30.49060535,0.19742985010946032
5367,50.40624594,30.49059153,1.068224781579418
5371,50.40613469,30.49057854,0.6262698643023207
5374,50.40602427,30.49056642,0.7957312330392856
5378,50.4059164,30.49055345,1.2474976319539752
5381,50.40580887,30.49053985,1.0531614831660998
5385,50.40570034,30.49052603,0.5840295795398881
5388,50.40559354,30.49051189,0.23976214609447358
5392,50.40548962,30.49049588,0.4348084416130556
5395,50.40538375,30.49047779,0.20636380219154823
5399,50.40527674,30.49045712,0.1094121812202756
5402,50.40516947,30.49043434,0.21222288616876175
5406,50.4050608,30.49040948,0.38727388056481804
5409,50.40495192,30.49038428,0.14131526783276643
5413,50.4048406,30.49035471,0.5216565322322656
5416,50.4047261,30.49032197,0.828596043581619
5420,50.40461436,30.49028699,0.47699570725756557
5423,50.40450176,30.49025011,0.24859324478807568
5427,50.40438674,30.49020908,0.23593674949592647
5430,50.40427278,30.49016563,0.11030135601914519
5434,50.40416046,30.49012076,0.3013505668269193
5437,50.40404443,30.49007524,0.08516471872875099
5441,50.40392753,30.4900282,0.2632144441211621
5444,50.40381067,30.48998163,0.2681345950289628
5448,50.40369431,30.48993339,0.11361067213822369
5451,50.40357459,30.48988502,0.15531109259905448
5455,50.40345309,30.48983464,0.14442183017228197
5458,50.40332991,30.48978334,0.28190311791598305
5462,50.40320666,30.48973111,0.11987631444536816
5465,50.40308316,30.48967806,0.2021046920272932
5469,50.40295667,30.48962474,0.5191061025157552
5472,50.40282688,30.48956868,0.5340871994219843
5476,50.4027007,30.48951187,0.5200032394063745
5479,50.40257265,30.48945171,1.2193511983042014
5483,50.40244277,30.48938621,0.320528838887296
5486,50.40231494,30.48931598,0.10301671460498142
5490,50.40219068,30.48924199,0.44165868319204243
5493,50.40206589,30.48916405,0.23453467855206947
5497,50.40194188,30.48908286,0.3193319509438389
5500,50.4018209,30.48899487,0.1020600428404764
5504,50.40170288,30.48890493,0.12407400434321372
5507,50.40158773,30.48881298,0.35105744157752866
5511,50.40147493,30.48871997,0.11785037599679828
5514,50.40136545,30.48862632,0.13060891673834835
5518,50.40126476,30.48853685,0.45829706360522277
5521,50.40117003,30.48845018,0.19679555986423647
5525,50.40107887,30.48836438,0.14387146411315663
5528,50.40099129,30.48827782,0.15514271395487123
5532,50.40091553,30.48819623,0.25847397466642436
5535,50.40084653,30.48811859,0.4241519578931239
5539,50.4007856,30.48804679,0.285877087275689
5542,50.40073602,30.48798144,0.12726261165811184
5546,50.40069131,30.48792381,0.17272351624381746
5549,50.40065126,30.48787264,0.17649375423606714
5553,50.40061804,30.48782781,0.07555425563639571
5556,50.4005882,30.48778987,0.10392309819729041
5560,50.40056405,30.48775814,0.11769389069195829
5563,50.40054385,30.48773114,0.0582322635308572
5567,50.40052654,30.48770853,0.07324736356755339
5570,50.40051218,30.48768808,0.04914512778965033
5574,50.40050148,30.48767173,0.13023090380221614
5577,50.40048989,30.48765577,0.2857368347629709
5581,50.40047865,30.48764051,0.03107303363417045
5584,50.40047041,30.48762844,0.30917864771717923
5588,50.40046881,30.48762566,0.3198632880899596
5591,50.4004674,30.48762368,0.21425063187978816
5595,50.40046739,30.48762371,0.21528980922227542
5598,50.40046739,30.48762371,0.21863532183845133
5602,50.40046739,30.48762371,0.2192917504027143
5605,50.40046739,30.48762371,0.2173350941950283
5609,50.40046739,30.48762371,0.9421623862538111
5612,50.4004592,30.4876128,0.7926330976510451
5616,50.40044567,30.48759377,0.7357695325944177
5619,50.40042576,30.48756585,0.6206189826266227
5623,50.40040085,30.48752909,0.5193390190061081
5626,50.40037095,30.4874865,0.8668078451908251
5630,50.4003355,30.4874342,0.7542900134376282
5633,50.40029282,30.48737,0.7728173636080269
5636,50.40024373,30.48729386,0.4543700302141106
5640,50.40019129,30.48721289,0.256143469544398
5643,50.40013819,30.48713096,0.12649214034109418
5647,50.40008312,30.48704656,0.10398396560665525
5650,50.40002812,30.48696139,0.14176704071627658
5654,50.39997336,30.48687602,0.1645732636165502
5657,50.39991885,30.48679039,0.30319176128468855
5661,50.39986208,30.48670074,0.4394222222848176
5664,50.39980183,30.48660693,0.303551936897743
5668,50.39973694,30.48650622,0.22496963477478324
5671,50.39966984,30.48640201,0.5665313792543683
5675,50.39959998,30.48629268,0.8322118291864161
5678,50.399528,30.48617504,1.04497720091227
5682,50.39945431,30.4860515,0.6496823717826643
5685,50.39938084,30.48592557,0.15063274909138688
5689,50.39930501,30.48579326,0.6803314400043479
5692,50.39922672,30.48565477,0.9149445742629383
5696,50.39914825,30.48550745,0.9658537571073045
5699,50.39907174,30.48535757,0.8703894691946755
5703,50.39899487,30.48520023,0.4678310726635971
5706,50.39891884,30.48503896,0.22917227427464432
5710,50.39884524,30.48487568,0.22035229433429618
5713,50.39877577,30.48471103,0.1494710642694721
5717,50.39871169,30.48455021,0.39530811447516334
5720,50.3986515,30.4843871,0.19489473537686483
5724,50.39859719,30.48423101,0.3839246501909878
5727,50.39854832,30.48408261,0.5100032014948697
5731,50.3985017,30.48393828,0.5566222807602181
5734,50.39845335,30.48379411,0.2571815763910654
5738,50.39840585,30.48365232,0.0944865221910712
5741,50.39835947,30.48350816,0.5135362642831663
5745,50.3983161,30.48336247,0.17503873723169622
5748,50.39827469,30.48321434,0.14012930403328652
5752,50.39823189,30.48307016,0.3240760496877607
5755,50.3981914,30.48292858,0.8267364514952382
5759,50.39815774,30.48278643,0.8938514952625151
5762,50.39812681,30.48263691,0.2949640764304969
5766,50.39809221,30.48248726,0.38398743566549126
5769,50.39805443,30.48233659,0.3501443495369571
5773,50.39801632,30.48218653,0.584078150762581
5776,50.39797852,30.48203131,0.10359392249084842
5780,50.39794352,30.48187962,0.5808652387241992
5783,50.39790987,30.48173076,0.44260822164705876
5787,50.39787704,30.48158372,0.3817909113442772
5790,50.39784395,30.48143061,0.43272196325137374
5794,50.39781164,30.48127856,0.06973397490974197
5797,50.39777891,30.4811257,0.17105451316132567
5801,50.39774633,30.48097167,0.19173089368894988
5804,50.39771337,30.48081535,0.25897297099182653
5808,50.39768041,30.48065793,0.3401730361635381
5811,50.39764934,30.48050904,0.18176479088253966
5815,50.39761734,30.48036448,0.18606268567615813
5818,50.39758791,30.48022476,0.23372304881437458
5822,50.39755838,30.48008703,0.41567556091450525
5825,50.39752835,30.47995144,0.36037115622504984
5829,50.39750058,30.47981073,0.16788389319795569
5832,50.39747931,30.47966522,0.27388053299945647
5836,50.3974649,30.47951669,0.22809380106807522
5839,50.39745539,30.47936939,0.1030306944102682
5843,50.39744905,30.4792265,0.3426477567221005
5846,50.39744122,30.47909538,0.8217763665018061
5850,50.39742792,30.47897594,0.672635711465613
5853,50.39740016,30.47887818,0.6532980819804556
5857,50.3973553,30.47880405,0.33553424168078855
5860,50.39730322,30.47875965,0.3070412361695483
5864,50.39724487,30.47874523,0.17910300984908173
5867,50.39719006,30.47874911,0.2918287730024087
5871,50.39713613,30.47875683,0.5488251392315108
5874,50.39708053,30.47876737,0.4565175133192658
5878,50.39701954,30.47878296,0.6589867870807026
5881,50.39695536,30.47880327,0.25592224230778693
5885,50.39688881,30.47882671,0.4489167100403615
5888,50.39681911,30.47885547,0.33727143560376605
5892,50.39674867,30.47888406,0.4527801005517451
5895,50.39667928,30.47891183,0.5895932040321542
5899,50.39660785,30.47894036,0.35128972325581437
5902,50.39653442,30.47896693,0.3314352256108791
5905,50.39645966,30.47899627,1.0106909040912941
5909,50.39638679,30.47902591,0.6417171653189954
5912,50.39631313,30.47905528,0.3820732719484834
5916,50.39623851,30.47908608,0.6576820382931552
5919,50.39616508,30.47911789,0.5120115255462953
5923,50.3960913,30.47914251,0.5399772017851117
5926,50.3960173,30.47916821,0.5242233278902687
5930,50.39594423,30.47919079,0.5234653961291172
5933,50.39587027,30.47920734,0.4290753615724618
5937,50.39580002,30.47922139,0.4980073625073709
5940,50.39572897,30.47923221,0.4559803148137362
5944,50.39566233,30.47924025,0.25043879807982755
5947,50.39559909,30.4792433,1.3987189207419846
5951,50.39553769,30.47923994,0.4704459688899433
5954,50.39547213,30.47923581,0.24438911069987296
5958,50.39540552,30.47923089,0.5686150142482889
5961,50.39534129,30.47922624,0.8398661708649352
5965,50.39529121,30.47922246,0.5437812058888009
5968,50.39525148,30.47922015,0.5091192874355853
5972,50.39522085,30.47921539,0.46622933357228147
5975,50.39519859,30.47921207,0.647552683542225
5979,50.39518165,30.47920977,0.8224313862588575
5982,50.39516298,30.47920807,0.6051640085933555
5986,50.3951411,30.47920491,1.0215670672284591
5989,50.39511371,30.4792026,0.4407651754263525
5993,50.39508346,30.4791996,0.9917411645877393
5996,50.39504734,30.47919596,0.9356711704572026
6000,50.39500994,30.47919268,0.9397524768867453
6003,50.39496412,30.47919006,0.7881676182110707
6007,50.39491854,30.47918641,0.5172831588074707
6010,50.39487532,30.47918164,0.45230988040844716
6014,50.39483815,30.4791779,0.36665938753836436
6017,50.39480583,30.47917686,0.9073144261387591
6021,50.39477565,30.47917482,0.540451113255902
6024,50.39474598,30.47917332,0.7981341205830006
6028,50.39472141,30.479167,0.8858850499452696
6031,50.39468858,30.47916422,1.0160257867236755
6035,50.39465327,30.47916159,0.8934570666238191
6038,50.39461287,30.47915766,0.8535733923576091
6042,50.39456984,30.47915481,0.9946991696209746
6045,50.39451753,30.47915093,0.9213106155983444
6049,50.39446801,30.47914406,0.800681180092818
6052,50.39441529,30.47913996,0.6222551583889276
6056,50.39435226,30.47913401,0.9340475473512292
6059,50.39431091,30.47912935,0.8907560750206093
6063,50.39424641,30.47912686,0.2211407218629908
6066,50.39418555,30.47912256,0.33982661781797296
6070,50.39414176,30.47912131,0.9232870825509994
6073,50.39410382,30.47911861,0.9263655908895533
6077,50.39407677,30.47911704,0.64514977827374
6080,50.39405026,30.47911514,0.2847172217401985
6084,50.39403153,30.47911336,0.5321661945112618
6087,50.39402659,30.47911426,0.3395023905950534
6091,50.39402476,30.47911416,0.3296280533439006
6094,50.39402472,30.47911412,0.3251759994653008
6098,50.39402472,30.47911412,0.3164593124197691
6101,50.39402472,30.47911412,0.308761644681159
6105,50.39402472,30.47911412,0.3068962387549473
6108,50.39402472,30.47911412,0.30237985213835955
6112,50.39402472,30.47911412,0.3024107611905672
6115,50.39402472,30.47911412,0.29930860101723883
6119,50.39402472,30.47911412,0.3297112521896543
6122,50.39401873,30.47911479,1.5580998524342036
6126,50.39399731,30.47911333,0.8761529306770525
6129,50.39396522,30.47911132,0.5258950447562802
6133,50.39392878,30.47910815,0.5853074726457782
6136,50.39388986,30.4791056,0.5426598152081215
6140,50.39384885,30.47910238,0.5763958079914479
6143,50.39380523,30.47910006,0.6394583812844173
6147,50.39375948,30.47909604,0.43689965780002205
6150,50.39371297,30.47908928,0.14418759175409648
6154,50.39367111,30.47908562,0.3749324089382162
6157,50.39363257,30.47908193,0.33386251042431925
6161,50.39359778,30.47907798,0.3840972932076463
6164,50.39356391,30.4790764,0.2622513849248841
6168,50.39353104,30.479074,0.036927375919331214
6171,50.39349977,30.47907145,0.049582287124459765
6175,50.39346905,30.47906942,0.35143025884308493
6178,50.39343706,30.4790664,0.18390659003975374
6182,50.39340526,30.47906363,0.3834472263021645
6185,50.39338012,30.47906047,0.7107746544753067
6189,50.39336381,30.4790589,0.25461411453019506
6192,50.39335173,30.47905859,0.27055342014602507
6195,50.39333858,30.47905766,0.23935015260773182
6199,50.39332422,30.47905563,0.6121389732704875
6203,50.39330046,30.47905444,0.543958674029581
6206,50.3932695,30.47905276,0.2227085230206155
6209,50.39323481,30.47904886,0.18665265223630564
6213,50.39319824,30.47904685,0.2179329998383377
6216,50.39315531,30.47904449,0.14697392789481703
6220,50.39311393,30.47904214,0.35659074498394167
6223,50.39308068,30.47903813,0.1687362723112747
6227,50.39304531,30.47903095,0.49641420557643756
6230,50.39300614,30.4790167,0.39361063615031866
6234,50.39297479,30.47898698,0.1958524747522743
6237,50.39295136,30.47894035,0.8724327489662164
6241,50.39293299,30.4788742,0.7901230105523521
6244,50.39291739,30.47879267,0.6813175221519157
6248,50.39290532,30.47869158,0.6443037719285942
6251,50.39289474,30.47857806,0.8256117474357325
6255,50.39288202,30.47845295,0.43145017288034837
6258,50.39286863,30.47832089,0.34349011477020774
6262,50.39285417,30.47817954,0.2123532868833454
6265,50.39283934,30.47803894,0.6074663246048015
6269,50.39282428,30.47790203,0.5808049893469651
6272,50.39281038,30.47778964,0.9519990857996956
6276,50.39279833,30.47768988,1.121644991380465
6279,50.39278471,30.4776089,0.5563335025134328
6283,50.39277612,30.47755189,1.2155006339097991
